"Id","groupId","matchId","assists","boosts","damageDealt","DBNOs","headshotKills","heals","killPlace","killPoints","kills","killStreaks","longestKill","maxPlace","numGroups","revives","rideDistance","roadKills","swimDistance","teamKills","vehicleDestroys","walkDistance","weaponsAcquired","winPoints","winPlacePerc"
4277398,1439874,42725,2,1,215.8,0,1,0,15,1162,2,1,153.5,50,49,0,0,0,0,0,0,2772,6,1532,1
2609394,1239618,38187,0,1,54.4,0,0,0,69,1025,0,0,0,47,45,0,0,0,0,0,0,107.9,2,1503,0.3043
5537125,1562567,45511,0,2,274.8,0,0,2,14,1000,2,1,94.35,94,93,0,0,0,0,0,0,2332,6,1500,0.8602
1805276,1364811,41007,1,1,249.2,2,0,8,21,1324,2,1,5.944,27,26,0,0,0,0,0,0,328.7,3,1459,0.2692
1728469,943267,31496,0,0,200,0,1,0,22,1155,2,1,27.11,97,95,0,0,0,0,0,0,301,2,1466,0.4271
1502607,2602351,7766,0,0,103,1,0,0,70,1035,0,0,0,31,31,0,0,0,0,0,0,500.6,4,1495,0.4
2948195,1457351,43112,0,0,0,0,0,0,78,1354,0,0,0,29,29,0,0,0,0,0,0,80.95,2,1565,0.0357
1188704,968756,32063,0,1,0,0,0,0,77,1078,0,0,0,46,44,0,0,0,0,0,0,579,2,1491,0.1556
3984410,179346,14003,0,2,129.7,1,0,2,21,1000,1,1,5.18,21,20,0,0,0,0,0,0,771.1,3,1500,0.6
304550,956639,31790,0,0,28.98,0,0,0,84,1107,0,0,0,96,90,0,0,0,0,0,0,34.4,1,1534,0.1474
4207734,1283197,39165,0,0,100,1,0,0,46,1203,1,1,2.95,47,45,0,0,0,0,0,0,28.21,1,1536,0.0217
2948638,1476344,43562,0,2,94.04,0,1,5,16,990,2,1,8.106,44,44,2,0,0,0,0,0,1257,8,1492,0.4884
4389857,544408,22366,0,0,0,0,0,0,85,996,0,0,0,28,27,0,0,0,0,0,0,90.38,2,1499,0.037
4128383,689086,25666,0,0,0,0,0,0,59,1000,0,0,0,21,20,0,368,0,0,0,0,223.7,2,1500,0.2
2251676,258111,15840,0,0,0,0,0,0,83,985,0,0,0,49,46,0,0,0,0,0,0,12.92,1,1492,0.1042
6127739,1522510,44594,0,0,0,0,0,0,91,1001,0,0,0,49,49,0,0,0,0,0,0,41.35,0,1505,0.0625
899358,163645,13677,0,2,399.3,2,0,1,18,1399,2,2,21.6,29,29,0,0,0,0,0,0,1093,2,1569,0.4286
1465798,1266033,38789,0,2,0,0,0,1,54,991,0,0,0,31,30,0,0,0,0,0,0,899.3,3,1486,0.6333
163480,751711,27099,0,0,254.9,0,0,1,18,1266,2,1,21.25,96,91,0,10800,1,0,0,1,612.2,6,1520,0.6737
660943,1640365,47304,0,4,782.1,4,0,6,2,990,8,2,108,47,45,0,0,0,0,0,0,2093,5,1493,0.8261
624784,50582,11121,1,0,24,0,0,0,53,1000,0,0,0,21,19,0,0,0,0,0,0,154.5,1,1500,0.25
4006509,1175272,36748,0,0,0,0,0,0,73,1000,0,0,0,96,94,0,0,0,0,0,0,359.6,2,1500,0.2947
2139228,1241485,38230,0,0,100,1,1,0,41,1136,1,1,0.8093,30,28,0,0,0,0,0,0,6.882,0,1443,0.2069
4038381,134810,1303,0,5,400,3,1,1,6,1074,4,1,23.99,26,26,1,0,0,0,0,0,1979,5,1451,0.92
2247208,59655,11316,0,0,0,0,0,0,57,1206,0,0,0,46,45,0,1044,0,0,0,0,1268,5,1486,0.5556
5217569,517333,21719,0,0,138.8,1,0,1,19,978,2,1,6.063,49,48,0,0,0,0,0,0,268.1,3,1486,0.3333
1511320,290460,16565,4,5,283.6,1,0,2,24,1043,1,1,2.466,29,28,0,6560,0,0,0,1,2368,6,1496,0.8214
3320127,201322,14514,0,0,23.22,0,0,0,70,1000,0,0,0,49,47,0,0,0,0,0,0,454.3,1,1500,0.3125
3310914,1790651,5075,0,1,158.5,1,0,1,28,1299,1,1,18.12,28,28,0,0,0,0,0,0,2223,10,1535,0.7407
5354463,1359090,40886,0,0,115.3,1,0,0,32,1000,1,1,4.673,49,47,0,0,0,0,0,0,31.7,2,1500,0.5
2665838,769269,27493,1,2,380.4,2,1,2,4,1032,4,2,133.3,27,27,0,0,0,0,0,0,5261,6,1488,1
1590945,827752,28821,0,1,158.2,1,1,2,15,1145,2,1,384.7,28,27,0,426.1,0,0,0,0,2356,8,1461,0.8889
3797776,743453,26908,0,2,650.1,0,1,1,7,1000,4,2,31.07,97,97,0,637.2,0,116.8,0,0,1073,2,1500,0.7396
3592834,494872,21207,0,1,100,0,0,0,32,1065,1,1,14.38,99,99,0,0,0,0,0,0,575,2,1478,0.5714
706817,661915,25058,0,0,71.76,0,0,0,91,1000,0,0,0,97,91,0,0,0,0,0,0,4.436,1,1500,0.0104
5040361,805418,28299,0,0,82.28,0,0,0,82,1011,0,0,0,31,30,0,0,0,0,0,0,176.9,1,1509,0.1667
2333782,918531,30921,0,0,200,2,0,0,21,1000,2,1,4.212,49,49,0,0,0,0,0,0,85.4,4,1500,0.2292
4397682,898459,30460,0,0,100,1,0,1,29,1000,1,1,14.83,25,24,0,0,0,0,0,0,254.8,4,1500,0.2917
1768666,1309925,3977,0,0,300,3,0,0,13,1000,2,2,29.63,21,19,0,0,0,0,0,0,606.5,5,1500,0.4
4394840,770569,27520,0,0,0,0,0,0,36,1050,0,0,0,29,27,0,0,0,0,0,0,4.264,0,1493,0.8214
1921599,543749,22350,0,3,84.27,0,0,8,39,1164,0,0,0,48,44,0,837.9,0,0,0,0,2100,3,1550,0.766
1262242,1230690,37991,0,0,0,0,0,0,66,1000,0,0,0,30,29,0,0,0,0,0,0,182.9,3,1500,0.3448
1369114,2674452,9405,0,3,0,0,0,0,51,1086,0,0,0,86,82,0,0,0,0,0,0,1952,7,1526,0.5647
627739,182254,14076,0,0,100,1,0,0,37,1000,1,1,5.28,49,49,0,0,0,0,0,0,551.5,5,1500,0.5625
2610732,1300835,39553,0,0,69.12,1,0,0,42,995,1,1,10.11,50,49,0,0,0,0,0,0,138.1,3,1500,0.3061
4642818,98812,12203,0,0,345.3,3,0,0,61,1000,0,0,0,27,26,0,0,0,0,3,0,958.5,6,1500,0.4615
2188538,441710,20017,0,7,266.1,0,0,1,10,1175,2,1,12.96,97,94,0,0,0,0,0,0,1203,6,1522,0.8854
4202493,1045229,33779,0,0,96.75,0,0,0,67,1036,0,0,0,44,43,0,0,0,0,0,0,638.2,5,1482,0.3023
4476031,1465530,43307,0,0,131.9,2,0,0,52,985,0,0,0,31,28,0,3888,0,0,0,0,799.5,6,1500,0.5667
4188664,419615,19516,0,0,0,0,0,0,52,1000,0,0,0,48,45,0,0,0,0,0,0,1814,5,1500,0.6383
205259,2563330,687,0,3,201.8,2,2,3,6,975,4,2,106.2,46,45,0,1332,0,7.482,0,0,2706,5,1469,0.9333
5986328,1334875,40345,0,0,29.4,0,0,0,78,1125,0,0,0,28,26,0,0,0,0,0,0,93.55,2,1483,0.1481
4657804,787565,27901,0,2,51.82,0,0,1,49,1113,0,0,0,49,47,0,554.8,0,45.44,0,0,1213,2,1504,0.6042
31361,937230,31361,1,0,29.84,0,0,0,70,1048,0,0,0,47,47,0,0,0,0,0,0,125.7,3,1486,0.2826
3723943,410777,19316,0,0,56.94,0,0,0,70,1020,0,0,0,50,44,0,0,0,0,0,0,52.18,2,1482,0.2041
2868653,878057,29998,0,0,47.3,0,0,0,73,1129,0,0,0,28,28,0,0,0,0,0,0,25.38,1,1446,0.2222
1590649,814762,28520,0,0,0,0,0,0,70,1035,0,0,0,29,27,0,0,0,0,0,0,282.6,2,1506,0.2143
4129670,747470,26998,0,0,100,1,0,0,41,1248,1,1,4.032,32,31,0,0,0,0,0,0,96.98,2,1547,0.1935
3266987,805168,28293,0,0,72,0,0,0,81,1013,0,0,0,96,96,0,0,0,0,0,0,51.9,2,1501,0.1895
684863,905752,3061,1,0,133.6,0,0,11,26,1037,1,1,13.7,29,26,1,0,0,0,0,1,690.2,3,1536,0.6786
4344571,1486901,43801,0,0,34,0,0,0,74,1041,0,0,0,50,48,0,0,0,0,0,0,76.94,1,1495,0.3061
2183384,213395,14794,1,2,210,3,1,2,11,1000,2,1,58.78,23,21,2,0,0,0,0,0,1776,4,1500,0.9545
3281022,1437534,42672,0,0,178.1,0,0,1,36,1161,1,1,16.31,48,48,0,0,0,0,0,0,231.5,4,1533,0.4681
2324771,519380,21767,0,0,100,1,0,0,40,1000,1,1,3.951,27,26,0,0,0,0,0,0,128.3,2,1500,0.1538
5176490,1480281,43656,0,0,140.7,0,0,0,30,1000,1,1,42.06,48,48,0,0,0,0,1,0,829.6,3,1500,0.5532
4531736,1006118,32908,0,2,60.33,0,0,0,51,1221,0,0,0,26,26,0,0,0,0,0,0,1546,3,1533,0.64
381830,1358953,40882,0,5,275.6,1,1,2,9,1121,3,2,32.31,49,48,1,0,0,0,0,0,2859,3,1492,0.8542
1124156,1109298,35225,0,0,0,0,0,0,57,975,0,0,0,29,29,0,4743,0,0,0,0,1563,7,1484,0.75
69408,97232,1216,0,0,24,0,0,0,46,1000,0,0,0,20,20,0,0,0,0,0,0,534.3,5,1500,0.3684
548618,928075,3113,1,1,179.4,1,1,3,25,1009,1,1,34.97,29,29,0,0,0,0,0,0,2994,3,1522,0.8929
4043968,2570115,7030,2,4,801.7,6,0,6,1,1000,6,2,221.6,27,25,0,2783,0,0,0,0,2835,3,1500,1
783482,1043393,33740,0,0,0,0,0,0,80,1034,0,0,0,49,49,0,58.49,0,0,0,0,21.35,0,1512,0.2292
1261968,1218647,37716,0,2,200,2,0,7,24,1000,1,1,2.877,25,23,0,0,0,0,0,0,379.1,4,1500,0.2083
5855977,73985,11650,0,0,100,1,0,0,80,1530,0,0,0,30,28,0,0,0,0,1,0,66.58,4,1517,0.1034
6199871,93102,1207,0,0,200,2,0,0,37,1531,1,1,1.52,50,48,0,0,0,0,0,0,124.2,2,1567,0.1633
1445407,363274,18205,0,1,200,0,1,1,22,1038,2,2,69.8,100,97,0,0,0,0,0,0,305.5,2,1496,0.4141
113776,1565732,45585,3,0,74.82,0,0,0,61,1027,0,0,0,27,25,1,0,0,0,0,0,988.5,4,1506,0.4231
4773686,150861,13393,0,2,104.8,0,0,2,37,1090,1,1,1.349,49,46,0,0,0,0,0,0,192.8,2,1500,0.1458
2650915,101635,12276,1,1,180,1,0,1,59,1000,0,0,0,29,27,1,0,0,0,0,0,1158,4,1500,0.5357
981531,795366,28073,0,0,24,0,0,0,93,1000,0,0,0,96,94,0,0,0,0,0,0,16.41,1,1500,0.0421
5054289,1482041,43701,0,0,0,0,0,0,82,1086,0,0,0,28,26,0,0,0,66.75,0,0,439.4,3,1495,0.1111
5506406,7724,10170,1,5,70,1,0,7,25,970,1,1,1.644,28,28,0,2794,0,0,0,0,1112,4,1459,0.5556
2840507,106667,1239,0,0,0,0,0,3,46,1027,0,0,0,48,47,0,227,0,91.19,0,0,2046,8,1504,0.8723
3946677,1470816,43432,0,0,0,0,0,0,89,1187,0,0,0,99,96,0,0,0,0,0,0,0,0,1529,0.0816
1589172,748596,27024,1,0,220.1,2,0,0,14,1000,2,2,43.79,23,22,0,0,0,0,0,0,533.9,3,1500,0.5
4995564,1640218,47301,0,0,0,0,0,0,79,1000,0,0,0,30,30,0,0,0,0,0,0,29.82,1,1500,0.1724
2609172,1229231,37961,0,0,0,0,0,0,91,1063,0,0,0,28,26,0,0,0,0,0,0,0,0,1498,0
5411687,1232812,38043,1,0,180.6,1,0,0,41,1175,1,1,3.754,29,28,0,0,0,0,0,0,57.72,3,1528,0.0714
1737469,1346525,40601,0,0,125,2,0,0,21,1075,2,1,6.162,29,29,0,0,0,0,0,0,193.4,2,1511,0.1429
5823193,1324231,40100,0,4,517.9,0,2,0,5,1135,5,2,186.5,90,87,0,1267,0,0,0,0,817.1,5,1459,0.6067
3779192,2604965,7816,1,1,39.39,0,0,1,50,1000,0,0,0,28,28,0,0,0,0,0,0,1662,6,1500,0.7407
3123237,334029,17540,0,0,195.4,1,0,0,35,1000,1,1,3.989,47,47,0,0,0,0,0,0,266.9,2,1500,0.3478
5397046,495854,21231,1,1,252.4,3,0,0,12,1247,3,1,20.84,49,49,1,0,0,0,0,0,67.96,2,1503,0.3333
3193878,513655,21636,0,0,0,0,0,0,70,1000,0,0,0,23,23,0,0,0,0,0,0,36.97,1,1500,0.0909
1672690,1463814,43269,0,0,27.21,0,0,0,72,1157,0,0,0,28,26,0,0,0,0,0,0,470.9,6,1479,0.3333
2414816,1539124,44961,0,5,228.5,2,1,9,13,1132,2,2,6.54,46,45,0,0,0,0,0,0,2838,8,1521,0.8444
6039545,1524291,44630,0,2,182.2,1,2,0,2,1287,4,2,243.2,29,29,0,0,0,0,0,0,3090,2,1615,1
437103,790490,27968,0,0,100,1,0,0,38,1021,1,1,2.671,47,46,0,0,0,0,0,0,468.1,3,1500,0.2391
1923135,612266,23907,0,3,123.4,0,0,3,25,1000,1,1,61.4,28,28,0,3142,0,0,0,0,1867,6,1500,0.963
2306835,1137070,3586,0,0,93.85,0,0,0,55,1072,0,0,0,98,95,0,0,0,0,0,0,1082,3,1532,0.6598
787597,1225207,37864,1,2,353.4,1,0,1,17,1480,2,1,24.75,28,28,0,0,0,0,0,0,3227,3,1586,0.6667
12399,106616,12399,1,6,443.2,4,0,6,3,1039,3,2,17.36,28,28,0,1534,0,0,0,0,3919,5,1511,0.9259
1497293,620581,2409,0,0,0,0,0,0,93,1000,0,0,0,97,93,0,0,0,0,0,0,12.99,1,1500,0.0208
3444825,2140392,5863,0,0,0,0,0,0,44,1008,0,0,0,43,40,0,0,0,0,0,0,20.82,0,1509,0.7381
6009561,818503,2860,0,5,217.7,1,0,2,7,1000,2,1,56.42,26,26,0,389.3,0,0,0,0,5389,4,1500,1
4650364,445381,20106,0,0,96.31,0,1,0,28,1078,1,1,0,30,29,0,0,0,0,0,0,2022,4,1521,0.6207
3399917,794626,28056,0,4,237.4,1,0,5,31,1132,1,1,27.34,48,45,0,3789,0,0,0,0,1492,7,1483,0.617
4535205,1164934,36507,0,2,269.8,1,1,1,12,1073,2,1,192.7,28,26,0,379,0,0,0,0,3993,5,1560,0.8519
2407891,1228250,37939,0,0,389.2,3,1,0,11,1093,3,1,28.82,47,45,0,0,0,0,0,0,288.7,6,1452,0.3913
2050463,286386,16473,0,1,139.4,1,1,1,20,996,2,2,46.68,46,46,0,0,0,0,0,0,259.9,2,1477,0.4667
2666141,783183,27803,0,2,150.8,1,0,1,24,1000,1,1,6.091,21,21,0,0,0,0,0,0,681.5,4,1500,0.8
986983,1035895,33561,1,6,652.3,3,2,4,2,1317,6,3,115.6,31,29,0,0,0,0,0,0,1853,6,1486,0.8333
94859,732222,26668,1,2,119.5,1,0,0,32,1048,1,1,8.779,29,28,0,0,0,0,0,0,1794,4,1457,0.75
4204876,1152479,36229,0,0,80.58,0,0,0,71,1101,0,0,0,49,47,0,0,0,0,0,0,223.5,3,1498,0.3542
2579056,2581123,7291,0,1,100,1,0,1,61,1000,0,0,0,50,50,1,0,0,0,0,0,484.7,4,1500,0.4694
5793929,1683389,4826,0,0,152,2,0,0,34,1098,1,1,6.938,28,27,0,0,0,0,0,0,62.57,1,1505,0.0741
928213,1437036,42662,0,0,44.43,0,0,0,58,991,0,0,0,29,28,0,0,0,0,0,0,1657,5,1502,0.6786
2257007,495999,21236,0,2,275,2,0,1,58,1000,0,0,0,17,17,0,0,0,0,0,0,713.4,7,1500,0.125
514652,1201463,37332,0,0,234,2,1,0,36,1055,1,1,0,28,28,0,0,0,0,0,0,475,2,1486,0.3704
4701484,1972723,5479,0,0,98.4,0,0,0,61,1020,0,0,0,25,25,0,615.4,0,0,1,1,1238,1,1510,0.125
5403113,799632,28171,0,0,33.11,0,0,0,70,983,0,0,0,26,24,0,0,0,0,0,0,593.3,3,1488,0.2
2460376,573221,23021,2,4,379,1,1,5,9,1008,2,1,20.28,46,46,0,336.9,0,0,0,0,2422,6,1492,0.9556
4632587,227202,1511,0,5,115,1,0,2,14,1049,2,1,43.71,28,28,1,0,0,0,0,0,2497,4,1500,0.8889
3660615,551415,22535,1,3,364.2,3,1,3,9,981,3,2,3.531,29,29,0,3668,0,0,0,0,1630,5,1479,0.8571
3316000,13246,10287,0,0,0,0,0,0,83,1057,0,0,0,26,23,0,0,0,0,0,0,0,0,1474,0
3055332,277491,16269,2,2,573.8,3,0,2,3,1288,5,2,35.66,27,27,2,0,0,0,0,0,2768,5,1570,0.9615
5965962,152076,13425,0,0,200,2,1,0,47,1206,1,1,2.486,31,30,1,0,0,0,0,0,75.89,2,1499,0.1
5447988,60622,11339,0,0,170.3,0,0,0,58,1175,0,0,0,27,25,0,0,0,0,0,0,373,4,1554,0.4615
5358548,1564138,45545,0,5,30.89,0,0,2,52,983,0,0,0,27,27,1,502.6,0,0,0,0,2761,5,1479,0.6923
5408872,1090369,34792,0,0,0,0,0,0,52,1050,0,0,0,49,46,0,187.2,0,20.75,0,0,1375,2,1530,0.7083
4987722,1263824,38738,0,0,0,0,0,0,69,1162,0,0,0,44,40,0,0,0,0,0,0,566.5,4,1491,0.2093
4185554,279589,16318,0,0,131.2,0,0,0,91,1027,0,0,0,48,47,0,0,0,0,0,0,6.541,1,1481,0.0213
3733377,836109,29005,0,0,61.72,0,0,0,78,1000,0,0,0,26,25,0,0,0,0,0,0,296.5,3,1500,0.12
2656377,347865,17849,2,6,133.5,0,0,6,33,1000,0,0,0,47,41,0,5797,0,301.6,0,0,5246,6,1500,0.9565
2176180,2590483,7495,0,0,0,0,0,0,85,1028,0,0,0,98,96,0,0,0,0,0,0,24.54,1,1497,0.1649
3791508,461629,20469,0,1,147.3,1,1,0,13,1093,2,2,40.72,42,41,0,8658,0,0,0,0,735.3,7,1471,0.7073
5557920,124869,1281,0,2,129.4,0,0,0,14,1179,2,1,134.1,48,48,0,0,0,0,0,0,2302,6,1511,0.9149
5968450,294773,16658,0,2,168.7,0,1,2,35,1000,1,1,229.2,48,46,0,0,0,0,0,0,1449,3,1500,0.5106
1648195,375948,18502,0,0,0,0,0,3,60,1000,0,0,0,48,47,0,0,0,0,0,0,783.5,4,1500,0.4894
2873955,1117965,35427,0,0,184.1,1,0,0,25,1028,1,1,2.683,25,24,0,4121,0,142.5,0,0,1720,7,1505,0.6667
886120,1195432,371,0,0,398.9,2,0,0,7,1000,3,3,11.26,20,20,0,0,0,0,0,0,1907,4,1500,0.7895
5679018,1955937,5443,0,0,139.3,1,0,0,16,1011,2,2,9.831,30,29,0,0,0,0,0,0,310.5,2,1486,0.3793
1795450,924989,31067,0,0,23.6,0,1,0,31,1000,1,1,147.4,97,94,0,0,0,0,0,0,1250,3,1500,0.7083
1375296,249473,15638,0,0,125.8,1,0,0,51,992,1,1,0.9148,29,28,0,0,0,0,0,0,72.59,1,1496,0
5694226,580757,23184,0,0,210,3,1,0,11,1572,3,3,22.4,29,28,0,0,0,0,0,0,109.2,2,1565,0.5
2316348,143465,13229,0,1,100,0,0,0,35,1238,1,1,15.13,46,45,0,0,0,0,0,0,173.3,1,1431,0.1778
4069274,1014126,33082,0,0,0,0,0,0,96,979,0,0,0,28,27,0,0,0,0,0,0,10.79,1,1455,0
635972,542368,22316,0,1,98.04,0,0,0,85,1102,0,0,0,27,26,0,0,0,0,0,0,17.96,1,1513,0
645047,938716,31396,0,1,127,0,0,0,26,949,1,1,6.457,50,49,0,0,0,0,0,0,1279,5,1474,0.8163
159935,597179,23553,0,0,50.45,0,0,0,73,1160,0,0,0,49,44,1,0,0,0,0,0,292,3,1532,0.2917
2270203,1083178,34639,0,0,0,0,0,0,82,980,0,0,0,29,29,0,0,0,0,0,0,22.38,2,1472,0.1786
6110215,199051,14461,1,1,348.2,2,0,5,9,1025,3,1,131.3,28,26,0,2251,0,0,0,0,2577,4,1492,0.8889
1845502,156769,13522,0,0,0,0,0,0,78,996,0,0,0,29,27,0,0,0,0,0,0,279.8,1,1487,0.1786
5264258,2393344,6436,0,0,0,0,0,0,71,981,0,0,0,43,40,0,0,0,0,0,0,260.4,2,1506,0.1667
5649641,1292620,39365,1,3,26.47,0,0,1,24,1075,1,1,21.08,49,47,0,0,0,9.292,0,0,2439,4,1499,0.8125
2125167,615124,23975,0,7,383.6,1,0,4,2,1027,5,2,85.18,46,45,1,894.3,0,0,0,0,2517,3,1500,0.9111
3794128,579326,23149,1,0,133.8,0,0,0,31,1000,1,1,4.438,27,26,0,1962,0,0,0,0,2131,6,1500,0.6538
2122795,510712,21568,0,1,6.522,0,0,0,54,1000,0,0,0,21,21,0,1193,0,0,0,0,290.1,2,1500,0.35
3656537,369462,18353,0,0,85.21,0,0,0,37,1011,1,1,21.52,96,96,0,0,0,0,0,0,85.92,1,1494,0.1474
2785664,151045,13399,0,0,0,0,0,0,92,1180,0,0,0,28,25,0,0,0,0,0,0,39.16,1,1420,0
4602892,1263796,38737,1,3,488.8,4,0,2,4,1306,4,3,39.38,26,23,0,868.1,0,0,0,0,2501,3,1565,0.8
821527,1192746,3713,0,0,43,0,0,0,90,1317,0,0,0,29,28,0,0,0,0,0,0,33.47,1,1549,0.0357
149749,149654,13367,0,6,191.9,2,1,3,17,1033,2,1,125.7,27,27,1,0,0,0,0,0,4054,6,1499,0.8462
5521594,773537,27587,0,2,77.03,1,0,0,46,1003,0,0,0,46,44,0,6012,0,0,0,0,1596,5,1479,0.7556
1178102,501883,21368,0,0,174,0,0,0,56,1000,0,0,0,29,27,1,2306,0,0,0,0,977.7,2,1500,0.4286
1385325,692512,25754,0,0,60.22,1,0,0,30,1001,1,1,3.904,30,28,0,0,0,0,0,0,40.46,1,1492,0.4828
1399911,1341188,40480,0,6,284.5,0,0,1,38,1000,0,0,0,46,43,0,3259,0,0,0,0,2388,7,1500,0.7778
1168294,67246,11494,0,0,200,2,0,0,24,1125,2,1,7.045,49,48,0,0,0,0,0,0,61.73,2,1519,0.25
2246424,23321,10519,0,0,35,0,0,0,71,983,0,0,0,96,96,0,0,0,0,0,0,165.4,3,1472,0.3263
585601,1324504,40104,0,0,0,0,0,0,96,1084,0,0,0,49,48,0,0,0,0,0,0,73.29,1,1511,0
3444970,2204728,6009,0,0,0,0,0,0,60,1000,0,0,0,23,22,1,0,0,0,0,0,373,2,1500,0.2727
5875208,1113146,35307,0,1,152.3,1,0,5,40,985,0,0,0,47,42,1,4084,0,73.96,0,0,2523,4,1479,0.8913
5968596,303065,16849,0,0,23.4,0,0,0,74,1272,0,0,0,27,27,0,1879,0,0,0,0,717,6,1532,0.2692
3801917,929091,31163,0,1,0,0,0,0,77,1026,0,0,0,29,28,0,0,0,0,0,0,132.1,3,1516,0.1786
3947608,1513040,44385,0,1,123.4,0,1,0,38,1000,1,1,1.957,99,94,0,0,0,0,0,0,287.8,3,1500,0.4286
5323544,2045128,5645,3,5,432.9,2,0,1,15,1304,2,1,11.11,30,30,1,0,0,132.5,0,0,3602,6,1550,1
4632366,125687,1283,0,0,100,1,0,0,34,1000,1,1,5.678,23,22,0,0,0,0,0,0,178.2,3,1500,0.1818
994733,1380015,41344,0,0,0,0,0,0,45,1015,0,0,0,50,45,0,0,0,0,0,0,208.9,3,1511,0.8163
4538392,1311207,39810,0,0,0,0,0,0,70,1267,0,0,0,48,47,0,0,0,0,0,0,143.7,2,1566,0.2766
5415028,1401872,41847,0,1,191.6,1,1,0,13,1233,2,1,197.3,46,44,1,4533,0,0,0,0,3611,4,1573,0.9333
1644637,217763,14907,0,5,74.9,2,0,1,17,1000,1,1,49.13,23,22,0,0,0,0,0,0,2126,4,1500,0.9091
1446732,420615,19539,0,0,48.61,0,0,1,81,1000,0,0,0,48,47,0,0,0,0,0,0,853.2,5,1500,0.1915
385744,1531814,44796,0,0,0,0,0,0,60,1169,0,0,0,27,27,0,0,0,0,0,0,1203,4,1495,0.4231
1807028,1442191,42777,0,0,0,0,0,0,78,1000,0,0,0,49,48,0,0,0,0,0,0,200.3,1,1500,0.2292
4116635,158767,13572,0,3,448.1,5,6,1,3,1118,6,2,56.88,30,30,0,0,0,0,0,0,2200,4,1498,0.6552
311347,1257284,38587,1,0,12.96,0,0,0,78,1000,0,0,0,22,22,0,0,0,0,0,0,26.94,1,1500,0
3283007,1526937,44696,0,0,164.7,1,0,0,81,1173,0,0,0,29,29,0,0,0,14.37,0,0,106.7,2,1538,0.1071
4056524,438653,19955,0,0,185.5,4,1,0,8,1000,3,1,57.96,28,27,0,0,0,0,0,0,85.94,3,1500,0.2963
3351223,1600527,46371,1,2,481.8,3,2,4,3,1000,4,1,17.51,22,21,0,0,0,0,0,0,760.9,2,1500,0.7143
5536213,1516843,44469,0,0,0,0,0,0,82,1016,0,0,0,32,31,0,0,0,0,0,0,0.28,0,1475,0.129
3925811,528804,22000,0,0,94.08,0,0,0,77,936,0,0,0,47,46,0,0,0,0,0,0,281.6,1,1479,0.2174
4135268,1000721,32780,0,0,0,0,0,0,62,1046,0,0,0,49,46,0,0,0,0,0,0,242,8,1516,0.4167
1581564,411627,19337,0,2,70.47,0,0,10,42,1000,0,0,0,29,28,0,363.3,0,49.35,0,0,2135,7,1500,0.7857
4962882,72626,11619,1,0,72.36,0,0,0,90,1009,0,0,0,49,47,0,0,0,0,0,0,0,0,1470,0.0625
896078,17342,10383,0,0,79.98,0,0,0,70,1060,0,0,0,25,25,0,0,0,0,0,0,197.3,3,1537,0.2083
1584933,560575,22741,0,0,0,0,0,0,64,1000,0,0,0,21,21,0,0,0,0,0,0,157.4,2,1500,0.05
4596893,988305,32497,1,2,23.22,0,0,4,54,1213,0,0,0,49,46,0,1357,0,0,0,0,549.9,6,1539,0.6042
242898,1245463,38327,0,0,0,0,0,0,56,1004,0,0,0,29,27,0,0,0,0,0,0,65.06,0,1506,0.6429
1537117,1434840,42614,0,0,92.89,0,0,0,73,1037,0,0,0,28,28,0,0,0,0,0,0,947.1,3,1534,0.1481
771157,502165,21375,1,2,555.4,3,2,2,5,1095,5,1,61.76,49,48,1,0,0,0,0,0,1327,3,1505,0.8125
5214532,365680,18265,0,0,307.3,3,3,0,4,1073,4,2,196.4,31,28,0,0,0,28.88,0,0,3233,5,1486,0.8667
4976945,745072,26941,1,1,39.31,0,0,2,51,985,0,0,0,47,47,0,367.4,0,0,0,0,2875,6,1491,0.8043
4836639,91956,12055,0,3,75,0,0,1,30,1000,1,1,8.606,97,95,0,1180,0,47.52,0,0,1300,5,1500,0.7604
688550,2532730,6755,0,0,0,0,0,0,55,1000,0,0,0,49,49,0,1256,0,0,0,0,523.5,4,1500,0.625
517766,1339812,40446,0,0,0,0,0,0,56,1000,0,0,0,25,24,0,0,0,0,0,0,203,0,1500,0.375
2107425,2201920,6002,0,0,100,1,0,0,84,1004,0,0,0,50,49,0,0,0,0,0,0,74.3,2,1495,0.1633
1106609,334130,17542,0,0,323.2,2,0,0,13,1188,3,2,11.16,49,47,0,0,0,0,0,0,95.48,1,1550,0.0833
1980389,164506,13691,0,0,0,0,0,0,83,1120,0,0,0,94,93,0,0,0,0,0,0,11.49,0,1442,0.129
2740459,1118962,35452,0,4,349,0,1,1,5,1120,3,1,158.1,89,86,0,0,0,0,0,0,2722,9,1405,0.9545
570596,663579,25096,0,2,754.9,7,3,4,1,1000,7,3,25.32,27,27,1,914.2,0,0,0,0,1615,3,1500,0.6923
448446,1290280,39311,0,1,23.93,0,0,2,38,985,0,0,0,30,29,1,3542,0,0,0,0,2762,8,1511,0.7931
4896883,2629269,8373,0,1,88.6,0,0,0,65,1051,0,0,0,26,26,0,1528,0,0,0,0,597.8,3,1485,0.52
1270293,1588802,46109,0,2,249,1,2,3,19,1067,2,1,87.72,49,48,0,0,0,0,1,0,1234,2,1503,0.6667
3443839,1695531,4855,1,4,45.11,0,0,4,40,965,0,0,0,30,30,1,0,0,0,0,0,2724,8,1492,0.931
2533205,828702,28846,0,7,452.7,3,0,6,14,1240,2,2,24.02,30,29,3,0,0,0,0,0,2981,3,1524,0.9655
6155017,771040,27532,0,0,300.5,1,1,0,16,1482,2,2,104.3,26,26,1,0,0,0,0,0,1551,5,1600,0.6
5977924,842544,29155,0,0,43,0,0,0,70,972,0,0,0,28,27,1,0,0,0,0,0,277.5,2,1464,0.2963
4924859,1257559,38593,3,1,123,1,1,2,29,1000,1,1,2.098,27,24,0,0,0,0,0,0,596.3,8,1500,0.3846
5037119,647281,24724,1,0,76.81,0,0,0,36,1395,1,1,3.843,29,29,1,0,0,44.29,0,0,1166,3,1501,0.6429
2342245,1298889,39510,0,0,100,1,0,0,77,1000,0,0,0,30,29,0,0,0,0,0,0,279.8,4,1500,0.2414
3195674,593507,23472,0,0,34.3,0,0,0,71,1040,0,0,0,31,31,0,0,0,0,0,0,409.4,2,1508,0.3
2676502,1248171,38386,0,0,73.2,0,0,0,94,1001,0,0,0,48,47,0,0,0,0,0,0,9.399,2,1503,0
4370817,749536,2704,0,0,27.55,0,0,0,71,1193,0,0,0,34,34,0,0,0,0,0,0,286.1,1,1467,0.303
6121907,1080748,34582,0,1,169.2,4,1,2,34,1044,1,1,0,29,29,0,3673,0,0,0,0,3165,2,1506,0.5357
2980330,2601850,7756,1,3,305.7,1,0,7,21,1252,1,1,51.26,28,28,0,0,0,0,0,0,4179,2,1589,0.963
645068,939759,31417,0,0,40,0,0,0,69,1000,0,0,0,22,20,0,0,0,0,0,0,145.6,2,1500,0
749902,1845605,51,0,0,6.48,0,0,0,94,1041,0,0,0,98,97,0,0,0,0,0,0,13.37,1,1498,0.0515
4790682,940392,31433,0,0,0,0,0,0,55,1000,0,0,0,20,18,0,0,0,0,0,0,338.3,2,1500,0.1579
4805103,1616280,46732,1,0,2.203,0,0,0,93,1000,0,0,0,29,28,0,560.7,0,0,0,0,9.326,0,1500,0.0357
4389719,538192,22222,0,1,299.6,0,1,0,8,1189,3,1,111.6,97,94,0,0,0,0,0,0,1527,5,1518,0.7708
2238989,870832,2981,1,1,201.4,2,0,1,19,1025,2,1,3.073,28,27,0,0,0,0,0,0,727.4,4,1498,0.1852
5108584,1134746,35807,0,0,242.4,3,3,1,8,1000,4,4,83.06,28,28,0,0,0,0,0,0,590,4,1500,0.3333
5042003,884531,30142,0,0,0,0,0,0,88,1142,0,0,0,25,22,0,0,0,0,0,0,0,0,1421,0
5981361,1043459,33742,0,0,182.5,2,1,0,15,1259,2,1,80.32,28,27,0,0,0,0,0,0,1902,4,1519,0.7407
3652618,193167,14329,0,0,52,0,0,0,55,1000,0,0,0,25,25,0,65.45,0,0,0,0,1384,2,1500,0.3333
483401,2235329,6078,0,0,100,1,1,0,40,1084,1,1,3.343,28,26,0,0,0,0,0,0,81.88,2,1484,0
2787870,250499,15660,2,1,528.2,5,0,0,8,1000,3,2,93.95,20,20,0,0,0,0,0,0,796.4,5,1500,0.4211
5277429,501573,21359,0,3,118.8,1,0,1,27,1000,1,1,11.46,29,28,0,0,0,0,0,0,1735,4,1500,0.6071
2786978,211236,14747,0,0,0,0,0,0,79,1000,0,0,0,30,29,0,0,0,0,0,0,80.96,4,1500,0.1724
994078,1350369,40688,2,2,184.8,1,0,0,15,1000,2,1,10.44,47,45,0,0,0,0,0,0,218.4,3,1500,0.2826
5915086,292498,16608,1,1,184.9,0,0,1,53,1000,0,0,0,28,27,0,517.8,0,0,0,0,1434,3,1500,0.7037
3051972,125325,12831,2,5,818.5,4,1,1,2,1173,8,2,91.76,49,47,2,0,0,0,0,0,2808,5,1510,1
1244333,437563,19935,0,7,394.4,0,0,6,4,1179,4,1,21.98,95,94,0,1682,0,0,0,0,1463,5,1521,0.8936
4037751,2474114,661,0,0,302,3,0,0,23,1000,1,1,2.323,22,21,0,0,0,0,0,0,455.8,3,1500,0.381
1182977,715667,26286,0,0,92.76,0,0,0,45,1000,0,0,0,49,47,0,0,0,0,0,0,1155,5,1500,0.75
4905347,331159,17488,0,0,84.6,0,0,0,51,1063,0,0,0,50,48,0,0,0,0,0,0,114.2,2,1526,0.7959
4729374,1093867,34866,0,2,49.02,0,0,0,55,1393,0,0,0,98,93,0,0,0,0,0,0,1028,4,1590,0.567
4320994,417423,19474,0,0,86,0,0,0,69,1000,0,0,0,22,22,0,0,0,0,0,0,125.3,1,1500,0.0476
2197545,842153,29146,0,0,25.8,0,0,0,52,1023,0,0,0,94,91,0,0,0,0,0,0,1754,4,1512,0.8065
3146955,1401007,41824,0,0,0,0,0,1,74,1000,0,0,0,49,49,0,0,0,0,0,0,219.6,1,1500,0.2917
6083354,1346492,40600,0,1,235.3,2,0,0,64,1422,0,0,0,29,26,0,0,0,0,0,0,213.2,4,1486,0.2857
283740,44053,10979,0,3,105.7,0,0,1,20,1161,1,1,22.47,96,95,0,2248,0,0,0,0,2191,6,1574,0.9579
1095241,2239167,6087,0,2,573.4,2,1,0,8,1061,3,1,46.8,48,47,0,0,0,0,0,0,3020,5,1503,0.7872
3793386,545417,22392,0,1,118.8,0,0,2,21,1000,1,1,21.2,20,19,0,0,0,0,0,0,1830,3,1500,0.9474
380093,1282450,39145,0,0,4.54,0,0,0,35,1000,1,1,16.7,41,39,0,0,0,0,0,0,93.08,1,1500,0.125
2817600,1585390,46031,0,2,153.9,0,0,1,19,980,2,1,18.56,89,88,0,0,0,0,0,0,113.7,3,1470,0.3068
3473602,1115737,35376,0,0,74.2,1,0,0,65,1258,0,0,0,30,29,0,0,0,0,0,0,53.27,1,1551,0.3448
4523593,634568,24428,1,1,91.9,0,0,2,62,1227,0,0,0,30,29,0,2984,0,0,0,0,1240,6,1498,0.5172
3917143,136631,13084,0,1,274,0,0,0,31,1000,1,1,0.9229,26,26,0,328.5,0,0,0,0,1847,3,1500,0.56
2207545,1289242,39294,1,2,208.1,1,0,6,21,1015,1,1,2.217,28,24,0,4084,0,0,0,0,2894,5,1504,1
1797538,1019059,33185,0,2,93.75,0,0,6,66,998,0,0,0,29,28,0,0,0,0,0,0,860.4,2,1478,0.3571
5160059,666283,25148,1,2,216,0,0,1,24,1056,1,1,262,27,23,0,822.5,0,0,0,0,3110,4,1512,0.9231
2212561,1512635,44378,0,2,0,0,0,2,48,1134,0,0,0,26,25,0,0,0,0,0,0,2862,3,1562,0.88
719727,1231084,38001,0,3,53,1,0,5,76,1000,0,0,0,28,28,0,0,0,0,1,0,441.4,3,1500,0.3704
4509756,2752,10061,0,1,132.6,0,0,1,31,1260,1,1,6.959,49,47,0,0,0,0,0,0,455.6,3,1504,0.3958
1651627,527420,21969,0,5,597.7,4,0,7,9,1272,3,1,32.65,29,29,1,0,0,0,0,0,3334,6,1626,0.9643
554256,2645543,8754,0,0,0,0,0,0,80,983,0,0,0,99,93,0,0,0,0,0,0,139.5,2,1488,0.2143
4462787,861831,29606,0,0,117.1,1,0,0,48,1000,0,0,0,22,20,0,0,0,0,0,0,1089,5,1500,0.4762
2615760,1525511,44663,2,2,324.4,1,0,6,19,1161,2,2,6.927,50,50,1,2585,0,0,0,0,1772,12,1528,0.6735
847492,869227,29784,0,0,167.4,1,0,0,22,1110,2,2,119,48,46,0,0,0,0,0,0,974.5,4,1515,0.6596
3323550,354995,18016,0,1,119.3,1,1,0,28,1000,1,1,20.53,27,25,0,0,0,0,0,0,299.3,2,1500,0.3077
3938225,1089416,34770,0,0,111,0,0,0,18,1027,2,1,69.02,49,45,0,0,0,0,0,0,250.3,2,1494,0.5
1451104,614132,23953,0,1,356.9,5,0,2,11,1298,3,2,16.95,29,29,0,0,0,0,0,0,381.6,1,1451,0.25
3578883,2563971,6894,0,0,70.73,0,0,0,69,1107,0,0,0,31,31,0,0.0116,0,2.167,0,0,1099,3,1526,0.6
2805010,1018912,33181,0,0,77.52,0,0,0,51,1000,0,0,0,23,22,0,0,0,0,0,0,515.9,5,1500,0.4091
552131,2477779,6628,2,2,111,0,0,4,26,1069,1,1,39.44,28,27,0,624.2,0,18.9,0,0,2593,7,1492,0.8148
5394892,386861,18748,1,3,70.67,0,0,2,42,1137,0,0,0,28,28,1,1328,0,0,0,0,2903,4,1558,0.9259
5466919,1013175,33060,0,0,28.08,0,0,0,71,1046,0,0,0,28,28,0,0,0,0,0,0,47.25,2,1519,0.2593
4477460,1531032,44781,0,2,97.91,1,0,2,42,1000,0,0,0,48,47,0,0,0,0,0,0,4307,7,1500,0.9787
2680790,1441114,42753,0,1,0,0,0,0,78,1050,0,0,0,29,29,0,0,0,0,0,0,67.43,1,1474,0.1786
4793541,1076532,34484,0,1,49.02,0,0,1,45,1046,0,0,0,46,43,0,1042,0,0,0,0,2807,5,1516,0.8667
1405563,1591907,46183,2,3,438.1,2,1,5,4,1050,4,1,61.16,49,49,1,0,0,0,0,0,3371,5,1497,0.9792
695478,164783,13697,1,1,163.9,0,0,2,51,1000,0,0,0,97,93,0,0,0,0,0,0,1363,5,1500,0.8229
3188702,280428,16339,0,1,131.4,0,0,0,19,1136,2,1,44.5,98,97,0,0,0,0,0,0,205.5,5,1513,0.4948
2794757,558089,22685,0,0,101,1,0,2,37,1000,1,1,2.26,46,46,0,1576,0,0,0,0,1243,2,1500,0.5333
161514,665385,25132,0,0,0,0,0,0,94,1016,0,0,0,96,91,0,0,0,0,0,0,0,0,1513,0
2471301,1061581,34139,0,0,100,1,0,0,76,1001,0,0,0,48,46,0,0,0,0,0,0,66.18,1,1493,0.2128
4315641,176099,13933,0,1,44.87,1,0,15,25,1001,1,1,163.6,28,26,0,353.3,0,0,0,0,3452,6,1510,0.6296
3530357,675023,25341,0,0,0,0,0,1,82,1009,0,0,0,97,94,0,0,0,0,0,0,97.94,3,1503,0.1875
5300443,1652500,47572,1,1,72.1,0,0,1,55,1448,0,0,0,27,27,0,1218,0,0,0,0,1658,4,1521,0.6154
3069587,915568,30857,0,2,26.63,0,0,0,50,1049,0,0,0,91,85,0,2711,0,0,0,0,1235,3,1508,0.5556
1392625,1016340,33129,0,3,240.5,0,1,1,12,1000,2,1,7.54,93,90,0,0,0,0,0,0,3471,8,1500,0.8152
509792,987160,32472,0,0,169.6,1,1,0,37,1258,1,1,2.724,48,48,0,0,0,0,0,0,196.6,6,1449,0.2553
5903259,326347,1737,0,2,104.1,0,0,1,53,1000,0,0,0,29,27,0,7205,0,0,0,0,1254,6,1500,0.6786
1700688,1059308,3408,0,0,225.9,0,0,4,27,1000,1,1,137.8,27,27,1,0.0153,0,37.96,0,0,4192,7,1500,0.9615
2462582,671391,25260,0,1,305.6,4,2,2,7,1000,3,2,37.81,26,24,0,2799,0,0,0,0,2124,6,1500,0.56
4778247,363943,18219,0,0,0,0,0,0,76,971,0,0,0,85,81,0,0,0,0,0,0,32.41,0,1492,0.1071
1921706,548373,22460,0,1,227.5,1,0,1,8,1000,3,2,21.31,48,46,2,866.9,0,0,0,0,995.2,4,1500,0.6596
5761105,1051188,33911,0,0,9.788,1,0,0,72,1000,0,0,0,27,27,0,0,0,0,0,0,113.7,1,1500,0.2692
4581839,300235,16779,0,2,351.1,3,0,4,3,1146,3,1,6.732,23,20,1,8139,2,0,0,0,1557,5,1548,0.8182
2815749,1502024,44143,0,0,0,0,0,0,65,1033,0,0,0,29,29,0,0,0,0,0,0,175.7,1,1514,0.5714
306582,1047024,33822,0,2,0,0,0,1,52,1047,0,0,0,48,47,1,0,0,0,0,0,1196,5,1519,0.617
241191,1169813,36620,0,0,24.51,0,0,0,68,1174,0,0,0,27,24,0,0,0,0,0,0,412.6,3,1522,0.3077
5959599,1811250,5120,2,3,275.6,2,0,5,18,1102,1,1,200.5,50,46,1,5494,0,0,0,1,2903,8,1522,0.9592
2321370,368059,18321,0,0,100,1,0,0,36,1109,1,1,4.517,29,29,0,0,0,0,0,0,68.1,2,1530,0.3929
3944513,1374022,41208,2,5,718.1,4,0,4,1,1409,6,2,45.46,30,29,1,0,0,0,0,0,3024,5,1562,1
2576481,1614889,4669,0,5,502.8,3,0,1,5,1178,5,2,26.39,26,24,1,0,0,0,1,0,1177,6,1397,0.64
700272,376090,18507,0,0,131.3,0,0,1,55,1000,0,0,0,21,21,0,0,0,0,0,0,178.1,3,1500,0.2
305217,986460,32457,0,0,0,0,0,0,71,1067,0,0,0,28,25,0,0,0,0,0,0,493.1,4,1496,0.1111
6038976,1489536,43860,0,2,34.43,0,0,1,57,1042,0,0,0,31,29,0,0,0,0,0,0,429.6,3,1488,0.4667
865230,1653151,47589,0,3,494.5,4,2,4,2,1498,6,2,319.6,48,45,0,0,0,0,1,0,2659,9,1551,0.8085
5174272,1371677,41156,0,3,137.3,0,0,2,40,1082,0,0,0,29,29,0,5559,0,0,0,0,2506,6,1510,0.7857
2239862,1260299,3865,0,1,0,0,0,6,57,1019,0,0,0,30,29,0,932.3,0,0,0,0,1442,4,1438,0.6207
2858823,438523,19952,0,2,28.16,0,0,1,50,1000,0,0,0,27,25,0,2577,0,0,0,0,3419,5,1500,0.7308
4278967,1511027,44337,0,5,651.5,0,3,4,2,1314,7,1,111.9,98,96,0,0,0,0,0,0,3648,5,1486,0.8763
4602079,1226498,37894,0,0,10,1,0,0,74,1000,0,0,0,48,47,0,0,0,0,0,0,243.8,3,1500,0.2553
6071231,533278,22112,0,0,30.21,0,0,1,61,1285,0,0,0,29,27,0,107.6,0,0,0,0,1105,4,1452,0.4286
1849032,314002,17093,0,0,310,3,1,1,17,1113,3,2,52.09,50,50,0,0,0,0,0,0,252,3,1428,0.2653
279854,2572598,7093,0,0,43.86,0,0,0,56,1151,0,0,0,95,92,0,3542,0,0,0,0,1594,5,1488,0.5957
1873664,1409468,42020,0,2,300,2,1,1,14,1000,2,1,7.672,22,21,0,2707,0,0,0,0,718.8,4,1500,0.5238
4634195,961079,3188,0,3,213.9,0,0,2,22,1055,1,1,8.136,47,47,1,0,0,26.65,0,0,2692,4,1469,0.9348
489912,114909,12589,0,0,72.26,0,0,0,63,1011,0,0,0,49,48,0,0,0,0,0,0,577.5,4,1489,0.4792
710416,821019,28668,0,0,0,0,0,0,92,1048,0,0,0,100,97,0,0,0,0,0,0,25.43,1,1489,0.0808
2884660,1600244,46366,0,1,127.3,0,0,0,34,1000,1,1,25.13,99,97,0,0,0,0,0,0,399.5,3,1500,0.5918
3063663,649855,24785,1,0,76.78,1,0,0,82,1000,0,0,0,30,30,0,0,0,0,0,0,136.3,2,1500,0.2414
5040052,790420,27966,0,0,165.8,2,1,0,18,1363,2,1,25.23,30,27,0,0,0,0,0,0,313.6,3,1544,0.3793
443268,1061310,34133,0,4,90,0,0,11,43,980,0,0,0,30,30,0,1127,0,0,0,0,2331,4,1458,0.8276
561683,273543,16181,0,0,148.4,2,0,1,19,1195,2,1,58.63,29,27,1,0,0,0,0,0,1382,4,1474,0.6786
727161,1559809,45448,1,0,0,0,0,0,67,1045,0,0,0,48,40,0,0,0,0,0,0,209.5,1,1470,0.1702
5797197,2644823,8737,0,0,0,0,0,0,60,1088,0,0,0,27,25,0,605.4,0,0,0,0,83.29,0,1515,0.5385
5806547,437616,19935,0,0,157.3,0,0,1,37,1045,1,1,13.21,95,94,0,337.2,0,0,0,0,629.9,2,1502,0.3723
1904197,1646840,4743,0,0,0,0,0,0,69,1097,0,0,0,49,48,1,0,0,0,0,0,423.9,2,1511,0.3958
5521782,783404,27808,0,0,88.39,1,0,0,58,1110,0,0,0,47,45,0,0,0,0,0,0,468.3,3,1489,0.5435
5759020,939801,31419,1,2,139.5,0,0,1,24,997,1,1,18.02,49,44,0,0,0,0,0,0,2721,6,1501,0.9792
2263740,795256,28072,0,0,0,0,0,0,67,1408,0,0,0,30,30,0,0,0,42.26,0,0,563.8,2,1444,0.4138
782291,990418,32544,1,0,69.73,0,0,0,46,1000,0,0,0,27,27,0,0,0,0,0,0,344.7,3,1500,0.9231
4103934,1922847,536,0,0,68.37,0,0,0,53,1123,0,0,0,95,92,0,0,0,0,0,0,1308,7,1489,0.5213
2328486,683409,25535,1,0,42.12,0,0,0,59,1035,0,0,0,27,27,0,0,0,0,0,0,1622,3,1510,0.5385
3738762,1078950,34540,0,2,255.1,1,0,6,15,1231,2,1,77.66,27,25,0,4829,0,0,0,0,1204,10,1490,0.5385
165880,857521,29499,2,6,553.9,2,0,4,3,1358,6,2,82.94,49,49,0,1024,0,21.61,0,0,4597,7,1534,0.9792
381130,1327429,40182,0,0,53.32,0,0,0,83,1007,0,0,0,28,28,0,0,0,0,0,0,95.49,1,1487,0.1111
5118234,1608267,46544,0,3,568,4,1,1,2,1359,6,2,57.03,49,49,0,0,0,45.07,0,0,2848,4,1551,0.7292
5809601,597533,23564,0,0,0,0,0,0,75,1047,0,0,0,48,42,0,0,0,1.902,0,0,0,0,1496,0.1064
5928818,1059883,34101,0,5,317.9,2,0,5,21,1022,1,1,37.89,50,47,2,7230,0,0,0,0,2695,6,1501,0.9592
1865739,1055591,34013,0,0,0,0,0,0,28,1000,0,0,0,20,20,0,594.1,0,0,0,0,1167,4,1500,0.7895
3513323,2607101,7868,0,0,0,0,0,0,75,1031,0,0,0,27,25,0,0,0,0,0,0,116.5,3,1515,0.3077
5631671,370363,18371,0,0,262.8,0,1,0,28,1000,1,1,36.09,95,95,0,0,0,0,0,0,1033,6,1500,0.7128
4382672,219229,14938,0,1,197.1,2,0,1,17,982,2,1,4.651,48,47,0,0,0,0,0,0,1806,5,1469,0.4894
2617357,1597027,46298,0,0,98.67,0,0,0,77,995,0,0,0,47,46,0,0,0,0,0,0,190.7,2,1489,0.1522
699415,338910,17648,2,4,322.8,1,0,11,10,1000,2,1,41.54,22,20,1,0,0,0,0,0,1269,3,1500,0.9524
4372246,1398532,4176,0,0,188.6,3,1,0,13,1244,3,2,41.9,27,27,0,0,0,0,0,0,352.6,3,1483,0.1538
5176720,1491747,43910,0,1,0,0,0,0,63,1273,0,0,0,48,41,0,0,0,0,0,0,361.7,5,1509,0.4681
3906155,358082,1808,1,0,38.81,0,0,0,66,1000,0,0,0,49,47,0,0,0,0,0,0,230.8,3,1500,0.3333
1375256,247845,15598,0,1,131.4,0,1,0,28,1034,1,1,126.5,96,95,0,803.2,0,0,0,0,2058,4,1513,0.8737
3611831,1350993,40701,0,0,0,0,0,0,94,1184,0,0,0,29,28,0,0,0,0,0,0,8.812,1,1474,0.0357
3938674,1109341,35227,1,0,169,1,0,0,76,1077,0,0,0,28,26,0,0,0,0,1,0,275.6,5,1501,0.1111
5917641,434348,19856,0,5,298.1,1,0,1,16,1000,2,2,47.28,49,47,0,3902,0,0,0,0,3017,6,1500,0.9167
5522453,817122,28582,0,0,0,0,0,0,51,1001,0,0,0,97,93,0,0,0,18.12,0,0,1720,4,1531,0.8021
4544651,1597025,46298,0,0,357.3,3,1,0,10,1104,3,2,18.43,47,46,1,0,0,0,0,0,211.5,4,1522,0.1739
1921177,525672,21924,0,0,100,1,0,0,84,1092,0,0,0,27,26,0,0,0,0,0,0,242.1,4,1517,0.0769
5918906,505455,21448,0,0,0,0,0,0,74,1014,0,0,0,28,26,0,0,0,0,0,0,199.7,1,1468,0.1852
4725681,920662,30967,0,0,0,0,0,0,77,980,0,0,0,98,94,0,0,0,0,0,0,27.58,2,1490,0.2062
3794215,583169,23240,0,0,11.49,0,0,0,93,998,0,0,0,98,95,0,0,0,0,0,0,33.44,1,1506,0.0412
1381838,538670,22234,0,3,99.2,1,1,5,26,1042,1,1,53.9,48,47,0,0,0,0,0,0,1484,3,1520,0.8085
3130914,676855,25387,0,0,0,0,0,0,46,1000,0,0,0,21,20,0,0,0,0,0,0,508.2,3,1500,0.55
5096480,539854,22262,0,6,413.6,0,0,10,8,1084,3,1,41.07,98,96,0,274,0,0,0,0,1311,5,1443,0.9691
2273313,1221948,37787,1,1,384.1,2,0,2,17,1098,2,1,19.96,48,46,1,0,0,0,0,0,1074,5,1389,0.7021
1389725,886736,30198,0,0,0,0,0,0,57,962,0,0,0,26,24,0,0,0,0,0,0,595.5,5,1482,0.28
5275065,382187,18645,0,0,0,0,0,0,90,1014,0,0,0,49,45,0,0,0,0,0,0,14.62,0,1502,0.0625
3932338,822773,28712,0,0,354.8,2,1,0,4,1165,4,1,172.6,47,46,0,0,0,0,0,0,2714,4,1523,0.9565
4544558,1592788,46203,0,0,25.29,0,0,0,95,1274,0,0,0,97,96,0,0,0,0,0,0,2.644,1,1535,0.0104
1112590,597465,23562,0,0,49.65,0,0,0,79,1000,0,0,0,27,26,0,0,0,0,0,0,135.2,2,1500,0.1538
2606651,1116586,35398,0,2,81.06,0,0,0,22,1087,1,1,212,29,29,0,2096,0,0,0,0,3000,6,1520,0.7857
4659445,862737,29628,0,3,68.32,0,0,1,40,972,0,0,0,31,30,1,0,0,0,0,0,2520,3,1462,0.9333
1837639,2013310,5572,0,1,0,0,0,0,75,1067,0,0,0,29,29,0,0,0,0,0,0,655.2,4,1491,0.25
4267533,991754,32577,0,7,586.9,2,3,0,4,1182,5,2,107.2,49,48,1,1252,0,0,0,0,1729,4,1530,0.9167
4176146,2474868,6621,0,0,70.3,0,0,0,90,1162,0,0,0,30,30,1,0,0,0,0,0,86.22,2,1519,0.0345
5961647,2602663,7772,0,0,56.16,0,0,0,68,1019,0,0,0,28,27,0,0,0,0,0,0,390.8,2,1510,0.2963
31218,931321,31218,0,0,0,0,0,0,66,1000,0,0,0,21,21,0,0,0,0,0,0,327.1,4,1500,0.05
2525231,474170,20730,0,0,0,0,0,0,49,1000,0,0,0,30,28,0,1825,0,0,0,0,3097,3,1500,0.6897
1838182,2253969,6119,0,0,180.7,1,0,0,21,1054,2,1,24.43,49,47,0,0,0,0,0,0,90.8,2,1454,0.1667
5390730,179831,14014,0,0,0,0,0,0,86,1032,0,0,0,28,27,0,0,0,4.028,0,0,104.5,2,1511,0.1111
5204380,2561682,6841,0,3,555,5,3,2,1,1040,7,2,65.02,48,46,0,0,0,0,0,0,2630,7,1461,0.9574
315437,1437761,42677,0,0,0,0,0,0,80,1182,0,0,0,91,88,0,0,0,0,0,0,76.69,2,1527,0.1444
3273574,1102268,35052,0,1,200,0,1,2,18,1031,2,1,23.5,97,94,0,0,0,0,0,0,245.5,3,1475,0.5
4857438,1069007,34310,1,0,200.8,1,1,1,17,1017,2,2,2.183,27,25,1,284.7,0,0,0,0,2011,3,1506,0.6154
4727393,1001092,32790,0,0,0,0,0,0,55,1008,0,0,0,48,47,1,2872,0,0,0,0,1268,3,1486,0.5532
4039092,456287,2034,0,0,0,0,0,0,97,1309,0,0,0,49,48,0,0,0,0,0,0,0,0,1451,0
2928394,565180,22855,1,2,104.9,1,0,1,18,1000,1,1,55.32,21,21,0,0,0,0,0,0,1178,5,1500,0.8
3478089,1318696,39975,0,0,18.83,0,0,0,71,1016,0,0,0,32,30,0,0,0,0,0,0,758.7,3,1464,0.3871
5903949,710390,2615,0,0,0,0,0,0,92,1003,0,0,0,27,26,0,0,0,0,0,0,5.522,0,1464,0
3706298,97238,1216,0,0,100,1,0,0,68,1000,0,0,0,20,20,0,0,0,0,0,0,21.69,2,1500,0.0526
1179631,568003,22912,0,0,223,0,0,0,27,1000,1,1,92.66,50,47,0,0,0,0,0,0,1834,7,1500,0.8367
909232,598840,23598,0,0,174.6,1,0,0,39,1268,1,1,8.142,46,44,0,0,0,0,0,0,31.74,2,1463,0.0889
2055705,519993,21778,0,0,0,0,0,0,82,988,0,0,0,92,89,0,0,0,0,0,0,0,0,1489,0.0989
165443,838698,29062,0,0,128.1,1,0,0,68,1061,0,0,0,28,27,0,0,0,0,0,0,308.1,3,1520,0.4444
3813481,1453062,43020,1,0,102,2,1,0,44,1138,1,1,2.792,28,27,0,0,0,0,0,0,312,1,1495,0.1852
5456970,512330,21604,0,0,48.07,0,0,0,72,1142,0,0,0,92,89,0,0,0,0,0,0,269.3,4,1492,0.2637
5024795,52231,11158,0,0,22.05,0,0,0,67,1218,0,0,0,98,98,0,0,0,0,0,0,283.3,4,1507,0.4536
5141684,1563889,4553,0,0,0,0,0,0,72,1008,0,0,0,95,95,0,0,0,0,0,0,205.7,2,1494,0.3085
3324929,415455,19425,0,0,0,0,0,0,91,1259,0,0,0,31,30,0,0,0,0,0,0,0,0,1508,0
4257689,546224,22410,0,2,245.3,2,0,2,16,1358,2,1,68.3,27,27,0,0,0,0,0,0,1311,3,1503,0.6538
4004980,1107100,35171,0,0,96.38,1,0,1,65,1019,0,0,0,22,22,0,0.0052,0,33.13,1,0,1114,2,1507,0.1905
2840181,2661421,910,1,4,191.9,1,0,8,36,1239,0,0,0,26,26,0,1292,0,0,0,0,3776,5,1538,0.72
3606107,1092682,34842,0,1,274,3,1,1,16,1000,2,1,74.68,29,28,0,0,0,0,0,0,560.9,3,1500,0.5357
4250777,234465,15292,0,1,0,0,0,1,41,1103,0,0,0,27,26,0,0,0,0,0,0,2549,6,1530,0.9231
2607934,1173979,36710,1,2,332.2,1,0,2,13,1047,2,2,191.9,49,49,0,0,0,0,0,0,2098,4,1510,0.875
1645587,259102,15865,0,1,0,0,0,0,58,1126,0,0,0,30,29,0,0,0,91.47,0,0,1636,4,1483,0.4828
5101173,769852,27503,0,0,207,2,0,0,34,1073,1,1,24.68,50,47,0,0,0,0,0,0,318.7,2,1525,0.3265
2652313,165189,13703,0,3,0,0,0,0,27,1000,0,0,0,22,20,0,0,0,0,0,0,2156,4,1500,0.9524
4857321,1063427,34183,0,0,130.7,1,0,0,82,1206,0,0,0,50,47,0,0,0,13.02,0,0,293.5,2,1539,0.2041
4857555,1074323,34435,0,0,0,0,0,0,96,1009,0,0,0,98,95,0,0,0,0,0,0,10.96,0,1495,0.0206
380562,1303520,39614,1,0,223.1,1,0,0,13,1000,2,1,12.26,21,21,2,0,0,0,0,0,927.3,3,1500,0.5
2928379,564485,22840,0,0,50.31,0,0,0,73,985,0,0,0,99,97,0,0,0,0,0,0,144.4,4,1489,0.3265
3084310,1580185,45915,1,1,201.1,1,0,2,16,1012,2,1,12.63,27,27,0,0,0,0,0,0,1162,5,1462,0.3846
4122474,422983,19591,0,2,99.26,0,0,2,29,1000,1,1,27.14,29,29,0,0,0,0,0,0,1273,7,1500,0.5357
3572460,1010438,329,0,0,72.03,0,0,0,86,1046,0,0,0,49,47,0,0,0,0,0,0,71.01,2,1514,0.0833
1529795,1109671,35231,0,0,79.99,0,0,0,72,1000,0,0,0,92,88,0,0,0,0,0,0,237.3,4,1500,0.2527
4438673,1599513,4634,4,1,127.6,0,0,1,65,1000,0,0,0,32,32,1,0,0,0,0,0,257.4,2,1500,0.4516
3575943,1270911,3888,0,0,155.9,0,0,0,59,1000,0,0,0,23,22,0,0,0,0,1,0,253.9,2,1500,0.2727
2782557,10554,10228,0,0,0,0,0,2,45,1000,0,0,0,21,21,0,0,0,0,0,0,1242,2,1500,0.55
426608,330453,17471,0,2,0.6099,0,0,0,43,1035,0,0,0,26,23,0,1557,0,0,0,0,928.3,7,1501,0.92
3215998,1509003,44291,1,0,0,0,0,0,59,1000,0,0,0,25,23,1,0,0,0,0,0,864.7,4,1500,0.375
4252690,320939,17255,3,5,269.6,1,0,8,22,1218,1,1,53.32,26,23,0,5007,0,0,0,0,2579,3,1620,0.72
905996,456221,20349,0,2,27.32,0,0,1,54,1098,0,0,0,27,26,0,2774,0,0,0,0,2076,6,1502,0.6154
508052,910484,30732,0,1,100,0,0,1,32,993,1,1,10.98,98,98,0,0,0,0,0,0,478.9,5,1511,0.567
1369322,2683886,9614,0,3,73.64,1,0,1,30,1068,1,1,0,45,43,1,306.4,0,0,0,0,1523,9,1464,0.6136
4663913,1069523,34322,0,0,0,0,0,0,85,997,0,0,0,49,49,0,0,0,0,0,0,141.3,1,1501,0.1667
3130782,670977,25253,0,0,120.6,0,0,0,64,1000,0,0,0,48,48,0,0,0,0,0,0,104.6,2,1500,0.3617
1977009,12775,10278,0,0,22.95,0,0,0,72,1098,0,0,0,95,90,0,0,0,0,0,0,86.6,3,1446,0.266
1472259,1554097,45313,0,0,43,0,0,0,75,1276,0,0,0,29,28,0,0,0,0,0,0,99.35,2,1491,0.1071
5758402,908598,30686,1,6,363.6,0,3,7,5,1091,3,1,195,95,94,0,5304,0,0,0,0,3596,7,1380,0.9574
5336931,478056,20826,0,5,202.1,2,1,14,9,1234,3,2,21.18,27,26,0,0,0,0,0,0,3226,4,1563,0.9231
2643318,1554312,4531,0,0,117.5,0,0,0,38,1000,0,0,0,21,20,0,0,0,0,0,0,461,1,1500,0.6
3152251,1638048,47243,0,0,0,0,0,0,52,1097,0,0,0,28,27,0,0,0,0,0,0,887.3,2,1484,0.6296
701018,407956,19256,0,0,0,0,0,0,84,1037,0,0,0,29,27,0,0,0,0,0,0,77.52,1,1503,0.1071
1197146,1344983,40566,0,1,100,1,1,1,38,1057,1,1,7.617,48,46,0,0,0,0,0,0,246.9,4,1495,0.4043
444761,1127163,35626,0,0,0,0,0,0,47,1079,0,0,0,92,91,0,0,0,0,0,0,2444,6,1447,0.9341
4703124,2577848,7212,0,3,85.24,1,0,1,52,985,0,0,0,30,29,0,0,0,0,0,0,2661,3,1519,0.7586
2874458,1140297,35944,0,3,48.98,0,0,0,41,982,0,0,0,27,23,2,6558,0,0,0,0,3146,6,1465,0.8077
2940537,1112356,35290,0,0,70.2,0,0,0,67,1128,0,0,0,44,43,0,0,0,0,0,0,394.6,5,1519,0.2326
4515092,248115,15604,2,1,139.8,1,0,1,28,1415,1,1,0,30,28,0,0,0,0,0,0,536.2,7,1546,0.6552
4125286,549077,22482,0,2,182.6,1,0,1,24,1000,1,1,25.02,49,45,0,0,0,0,0,0,2284,10,1500,0.75
4371235,937156,3135,1,0,205.7,2,0,0,32,1000,1,1,4.931,46,46,0,60.4,1,0,0,0,301.9,4,1500,0.2444
1657351,780985,27757,0,0,0,0,0,0,95,1127,0,0,0,100,99,0,0,0,0,0,0,9.082,0,1456,0.0404
3590262,378726,18569,0,0,37.73,0,0,0,74,1157,0,0,0,27,26,0,0,0,0,0,0,245.8,3,1507,0.0769
1246651,540062,22266,0,2,30.14,1,0,2,28,997,1,1,20.47,28,28,0,0,0,0,0,0,2678,2,1482,0.8519
6126183,1406022,41947,0,1,521.7,0,1,2,8,1056,4,1,75.38,98,94,0,281.5,0,0,0,0,1597,11,1476,0.7216
4117448,197107,14419,1,4,94.17,0,0,2,47,1094,0,0,0,28,27,0,0,0,0,0,0,3132,3,1543,0.8889
3390820,385691,18720,0,0,0,0,0,0,51,1094,0,0,0,94,93,0,0,0,0,0,0,1470,2,1464,0.7204
169315,1007338,32934,0,0,0,0,0,0,95,1146,0,0,0,28,25,0,0,0,0,0,0,21.52,1,1492,0.037
776526,736558,26757,0,0,46.32,1,0,0,49,982,0,0,0,30,29,0,2398,0,0,0,0,2230,1,1464,0.6897
1202225,1569846,45680,0,1,200.2,1,0,7,28,1000,1,1,99.32,21,21,0,0,0,0,0,0,918.5,2,1500,0.15
6078829,1041915,33707,0,1,313,2,0,1,9,1060,3,2,36.64,27,27,1,0,0,0,0,0,1645,7,1472,0.6923
5791421,357184,1806,0,1,0,0,0,2,74,1000,0,0,0,48,46,0,0,0,0,0,0,460.8,2,1500,0.2553
6019295,277488,16269,0,0,71.4,0,0,0,67,1003,0,0,0,27,27,0,0,0,0,0,0,58.89,1,1503,0.3846
2672232,1056522,34034,0,1,208,0,0,0,17,992,2,1,37.23,95,93,0,0,0,0,0,0,1258,2,1494,0.7021
2920862,229388,15170,0,0,0,0,0,0,81,1024,0,0,0,29,28,0,0,0,0,0,0,159.7,1,1480,0.1071
282560,2691905,9799,2,6,120.1,0,0,15,44,1007,0,0,0,27,25,1,1698,0,0,0,0,3136,4,1500,0.9615
1115358,718607,26354,1,1,111.6,0,0,0,36,1050,1,1,4.513,27,25,0,0,0,0,0,0,621.8,6,1510,0.2308
3261360,550961,22527,0,0,127.8,1,0,0,64,1000,0,0,0,23,22,0,136.5,0,0,0,0,126.3,1,1500,0.0909
4927210,1369799,41113,0,0,76.31,2,0,0,24,1061,2,2,3.171,29,27,0,0,0,0,0,0,232.8,4,1526,0.0357
4388363,477733,20819,1,3,202.9,1,0,3,42,1083,0,0,0,49,49,1,6645,0,0,0,0,2795,3,1536,0.7917
750030,354248,179,0,0,172.3,1,0,1,64,989,0,0,0,28,28,0,2036,0,15.3,1,0,2965,3,1516,0.4074
789274,1300536,39547,0,0,151.8,0,0,0,59,1000,0,0,0,28,27,0,0,0,0,0,0,701.1,5,1500,0.4815
576721,931516,31223,0,1,58.33,0,0,0,48,990,0,0,0,31,31,0,0,0,0,0,0,1653,6,1498,0.6333
4071930,1134895,35811,0,0,0,0,0,0,91,1159,0,0,0,30,30,0,0,0,0,0,0,26.76,1,1487,0.069
2114284,130585,12954,0,0,129.5,0,0,0,42,1045,0,0,0,27,26,0,0,0,244.3,0,0,3208,6,1509,1
5221587,715772,26289,0,0,25.18,0,0,0,55,1043,0,0,0,99,87,0,0,0,0,0,0,504.1,7,1479,0.7959
1430073,762063,2732,0,0,112.2,1,0,0,39,1031,1,1,6.278,29,29,0,0,0,0,0,0,98.3,2,1506,0.1071
637961,629200,24305,0,4,275.1,2,0,7,7,1058,3,1,126.6,27,27,1,585.4,0,124,0,0,1987,6,1473,0.9231
4307331,1927419,5379,0,0,100,1,0,0,89,1000,0,0,0,28,28,0,0,0,0,0,0,116.3,2,1500,0.1111
5754250,690752,25707,1,1,213.8,1,1,1,11,1000,3,1,11.8,27,26,0,0,0,70.27,0,0,1974,2,1500,0.8077
5217721,524574,21897,0,0,200,2,1,0,21,1000,2,1,7.636,27,26,0,0,0,0,0,0,272.8,3,1500,0.2692
417154,2613284,8017,0,0,154.6,1,0,0,34,1085,1,1,14.64,28,27,0,0,0,0,0,0,306.9,7,1502,0.2222
2110618,2667588,9243,0,0,300,2,1,0,13,1067,3,2,6.244,49,49,1,0,0,0,0,0,237.2,4,1459,0.4583
5259935,249148,1562,0,0,25.18,0,0,0,66,1030,0,0,0,27,26,0,0,0,0,0,0,119.3,3,1468,0.3846
2393919,605189,23739,0,0,0,0,0,1,75,1000,0,0,0,50,49,0,0,0,0,0,0,361.6,4,1500,0.4286
5652981,1462807,43244,0,1,39.99,0,0,1,64,1058,0,0,0,29,26,0,0,0,0,0,0,344.1,3,1449,0.3214
2948916,1488897,43846,0,0,0,0,0,0,66,1000,0,0,0,22,22,0,0,0,0,0,0,29.28,0,1500,0.0476
1798546,1064618,34207,0,1,312.8,3,1,6,7,1030,3,1,3.45,29,28,0,967.1,0,12.04,0,0,1932,6,1510,0.8214
5588388,1164472,36496,0,2,74.96,1,0,2,42,1049,0,0,0,45,43,0,2238,0,0,0,0,3287,4,1514,0.9318
2241641,2056455,5670,0,0,100,1,0,0,78,1000,0,0,0,48,47,0,0,0,0,0,0,141.9,4,1500,0.1915
513289,1141463,35969,0,0,47.41,1,0,0,66,1205,0,0,0,30,30,0,0,0,0,0,0,345.8,2,1496,0.3448
433921,649851,24785,1,5,862.3,5,2,5,7,1118,4,2,188.9,30,30,0,1172,0,53.47,0,0,3288,4,1460,0.9655
3175388,756662,2720,0,0,0,0,0,0,76,1186,0,0,0,29,28,0,0,0,0,0,0,59.12,2,1444,0.2857
1313345,500329,21329,1,2,88.88,0,0,1,51,1031,0,0,0,28,28,0,183,0,0,0,0,1847,3,1496,0.6667
4918520,955294,31758,1,1,188.5,1,0,3,12,1013,2,2,18.32,49,45,0,3419,0,0,0,0,679.4,3,1510,0.75
2974644,420174,1952,0,1,5.183,0,0,9,41,1000,0,0,0,49,49,0,280.5,0,0,0,0,3236,4,1500,0.8125
1370298,26884,10599,0,0,19.35,0,0,0,56,1028,0,0,0,28,26,1,881.8,0,0,0,0,3035,6,1518,0.7037
2652603,178973,13998,0,4,52.8,0,0,0,49,1000,0,0,0,27,26,0,2652,0,0,0,0,1737,6,1500,0.5385
6029623,911075,30746,0,2,12.62,0,0,0,63,980,0,0,0,98,95,0,0,0,0,0,0,277.1,4,1452,0.4845
2058799,655625,24914,0,0,134.5,1,0,0,42,1204,1,1,34.44,31,29,0,0,0,0,0,0,184.7,3,1481,0.1667
3134670,846162,29241,1,1,129.5,0,0,0,12,1147,2,1,155.8,26,25,0,0,0,60.14,0,0,3417,4,1540,1
5230068,1139073,35918,0,8,466.3,2,1,2,2,1597,5,2,95.48,48,48,0,675.1,0,0,0,0,3055,3,1630,1
5701036,932033,31236,0,3,65.72,0,0,4,22,1020,1,1,9.05,28,28,1,1214,0,0,0,0,1843,9,1496,0.963
685078,1000702,3277,0,1,135.1,1,0,0,40,1000,0,0,0,23,22,0,0,0,0,0,0,1255,5,1500,0.6364
4644924,196918,14412,0,0,49.96,1,0,0,87,1246,0,0,0,25,22,0,0,0,0,0,0,189.4,1,1524,0
2402878,1003756,32850,0,1,3.916,0,0,3,47,1000,0,0,0,28,28,0,8088,0,0,0,0,2122,6,1500,0.7778
3349142,1506453,44237,1,0,188.7,1,0,0,72,1214,0,0,0,28,27,0,0,0,0,0,0,139.5,2,1431,0.3333
1927792,819120,28625,0,0,81.6,0,0,0,69,1072,0,0,0,50,49,2,0,0,0,0,0,99.26,2,1491,0.3673
3060432,506892,21479,0,0,300,3,2,0,13,1154,3,2,27.94,27,26,0,0,0,0,0,0,684.9,4,1474,0.5769
3056457,328143,17419,0,3,368.3,2,1,7,3,1000,5,2,48.13,21,21,0,0,0,142.3,0,0,1732,4,1500,0.95
1240,107062,1240,0,1,0,0,0,0,55,1000,0,0,0,20,19,0,0,0,0,0,0,384.7,2,1500,0.1053
36920,1182783,36920,0,3,408.6,2,0,8,15,1003,2,1,101.3,27,27,0,204.6,0,0,0,0,2476,6,1505,0.7308
3058588,422844,19589,0,0,23.4,0,0,0,90,1286,0,0,0,99,99,0,0,0,0,0,0,17.93,1,1489,0.102
4334461,1028155,33389,0,0,0,0,0,0,90,979,0,0,0,30,29,0,0,0,0,0,0,69.7,0,1490,0.1034
5618239,819343,2862,1,0,304.5,3,1,4,5,1162,4,2,13.08,48,43,1,0,0,0,0,0,295.5,5,1507,0.234
2322922,435995,19896,0,0,100,1,0,0,33,1000,1,1,8.229,32,31,0,0,0,0,0,0,701.7,7,1500,0.4516
2010742,1515084,44429,0,0,200,1,0,0,22,1153,2,2,12.55,49,48,0,0,0,0,0,0,156.3,2,1473,0.2708
6066050,190608,14270,1,0,142.3,1,1,0,44,1390,1,1,1.708,49,49,0,0,0,0,0,0,36.2,1,1486,0.0625
4606918,1448964,42925,0,1,335.2,0,2,0,12,1535,3,1,31.28,96,96,0,0,0,0,0,0,646.2,5,1516,0.5895
386004,1542966,45056,0,0,300,2,0,7,18,1014,2,1,12.59,48,47,0,668.2,0,0,0,0,814.2,4,1521,0.6809
3975874,1861469,5235,0,0,0,0,0,0,71,1000,0,0,0,29,28,0,0,0,0,0,0,2.847,1,1500,0.2143
4729744,1110628,35253,0,0,52.92,0,0,4,69,1045,0,0,0,26,26,0,0,0,0,0,0,312.5,2,1549,0.44
902250,291307,16585,0,1,0,0,0,1,56,1000,0,0,0,47,43,1,0,0,0,0,0,1289,3,1500,0.6522
6073712,697556,25869,0,0,189.7,3,1,0,10,1104,3,1,51.14,29,29,0,0,0,0,0,0,1131,4,1490,0.7143
1499982,1811236,5120,0,0,1.431,0,0,0,47,988,0,0,0,50,46,0,2486,0,0,0,0,2654,9,1475,0.7347
230771,712520,26200,4,4,666.7,4,1,3,3,1263,6,1,169.3,29,29,0,0,0,0,0,0,2916,6,1527,1
972652,403360,19144,0,0,61.92,0,0,0,86,1018,0,0,0,28,28,0,0,0,0,0,0,4.885,1,1482,0
551025,1990276,5520,0,0,100,0,1,0,29,1000,1,1,14.88,94,91,0,0,0,0,0,0,499.8,3,1500,0.5376
3576419,1484897,4375,1,0,94.68,0,0,0,96,1016,0,0,0,49,46,0,0,0,0,0,0,30.81,1,1477,0
4763002,488364,2105,0,1,75.41,0,0,1,73,1000,0,0,0,48,44,0,1489,0,0,0,0,619.6,3,1500,0.234
5443525,2311402,6251,0,0,78.98,1,0,0,37,1284,1,1,2.572,27,26,0,0,0,0,0,0,272.5,2,1510,0.0769
285462,119920,12701,1,2,60.1,0,1,1,23,1054,1,1,78.9,33,32,0,0,0,0,0,0,3365,5,1499,1
2577561,2099503,5769,0,0,65.85,0,0,0,51,1000,0,0,0,22,21,0,0,0,0,0,0,700.7,3,1500,0.3333
1504766,2698528,9951,0,0,60,1,0,0,63,1000,0,0,0,20,20,0,0,0,0,0,0,232.3,2,1500,0.0526
3191169,391276,18857,0,1,26.22,0,0,1,55,1030,0,0,0,43,43,0,0,0,0,0,0,1186,3,1494,0.5714
4649944,426134,19665,1,0,466.4,4,2,2,10,1304,3,3,30.67,29,29,0,0,0,0,0,0,1930,9,1579,0.6429
3515747,16404,10360,0,1,77.91,0,0,0,78,1000,0,0,0,49,49,0,0,0,0,0,0,130.4,2,1500,0.2292
1870694,1276779,39019,0,0,0,0,0,0,84,989,0,0,0,29,29,0,0,0,0,0,0,103.6,2,1489,0.1071
2805682,1049244,33870,0,0,183.6,1,1,0,30,1000,1,1,140.2,22,22,0,0,0,0,0,0,771.5,2,1500,0.3333
247395,1444381,42824,0,0,10.78,0,0,0,82,1023,0,0,0,25,24,0,0,0,0,0,0,49.95,1,1496,0
5158146,571310,22987,0,0,100,1,1,0,42,1040,1,1,4.497,50,49,0,0,0,0,0,0,11.24,1,1509,0.0204
4142491,1328282,40201,0,0,26.3,0,0,0,43,1353,0,0,0,28,26,0,0,0,0,0,0,76.78,1,1536,0.963
1298263,2256622,6125,2,5,335.1,1,1,4,19,1000,2,1,35.74,49,48,1,0,0,0,0,0,1102,8,1500,0.7708
2511445,2517008,6719,0,1,255.3,2,0,0,28,1000,1,1,2.802,21,20,1,0,0,0,0,0,643.4,2,1500,0.3
2004895,1253408,38508,1,2,177,0,0,2,20,1023,1,1,15.6,99,96,0,1105,0,6.52,0,2,2801,9,1524,0.9796
640359,734216,26705,0,0,0,0,0,0,93,1018,0,0,0,28,28,0,0,0,0,0,0,143,1,1473,0.037
3379791,2587010,7423,0,0,100,1,0,1,36,1026,1,1,1.594,28,27,0,0,0,0,0,0,340.3,2,1485,0.1852
5051033,1324786,40113,0,3,117.8,1,0,5,46,1006,0,0,0,50,49,2,4060,0,0,0,0,1120,6,1499,0.7143
1672227,1443161,42797,0,1,85.61,0,0,6,46,1072,0,0,0,25,24,0,151.9,0,0,0,0,2315,5,1497,0.625
1472081,1546218,45130,0,0,52.79,0,0,0,76,1013,0,0,0,49,43,0,0,0,0,0,0,328.3,1,1495,0.2292
3108439,619723,2407,0,0,23.4,0,0,0,48,1000,0,0,0,45,45,0,246.7,0,0,0,0,873.1,4,1500,0.5909
5771964,1620525,46825,0,0,64.19,0,0,0,66,1000,0,0,0,49,47,0,0,0,0,0,0,402,2,1500,0.3542
4002189,979487,32301,0,0,100,1,0,0,98,1077,0,0,0,28,28,0,0,0,0,0,0,17.96,1,1497,0
2815964,1511934,44360,0,2,103.2,0,0,1,46,1188,0,0,0,29,28,1,0,0,0,0,0,2822,4,1557,0.9643
481888,1567990,4563,0,3,136.9,0,0,2,28,1036,1,1,209.1,48,48,0,0,0,0,0,0,3258,5,1510,0.9149
3811736,1375055,41230,1,4,7.162,0,0,12,32,1000,0,0,0,27,23,2,1354,0,0,0,0,3263,10,1500,0.9615
2440180,665834,2513,0,0,0,0,0,0,85,1001,0,0,0,26,25,0,0,0,0,0,0,5.339,1,1491,0
972019,376088,18507,1,0,273.1,2,1,0,17,1000,2,1,5.573,21,21,1,0,0,0,0,0,497.3,3,1500,0.3
3051510,104810,12355,0,0,36.22,0,0,0,73,1252,0,0,0,28,28,0,0,0,0,0,0,326.3,6,1468,0.2222
143654,2580340,7272,0,1,0,0,0,0,47,1000,0,0,0,23,22,0,0,0,0,0,0,1247,3,1500,0.5455
1250177,695758,25824,0,2,317.4,1,0,2,4,1000,3,1,140,22,21,1,0,0,0,0,0,1914,4,1500,1
1058481,1199743,37296,1,0,200,2,1,0,20,1000,2,1,2.307,28,28,0,0,0,0,0,0,128.5,2,1500,0.4815
3146423,1377105,41280,0,1,6.662,0,0,0,63,1030,0,0,0,28,27,0,466.1,0,0,0,0,863.5,9,1512,0.3333
2607984,1175885,36761,0,1,79.58,0,0,1,51,1000,0,0,0,44,43,1,1381,0,0,0,0,938.9,5,1500,0.5349
3815868,1560792,45469,0,1,105,0,0,1,40,1000,0,0,0,19,19,0,6408,0,0,0,0,1490,4,1500,0.6111
5398267,555742,22629,0,1,278.8,1,0,2,23,1045,1,1,38.11,48,46,2,0,0,0,0,0,2170,9,1500,0.8511
4455123,515580,21677,0,0,0,0,0,0,51,1000,0,0,0,21,21,0,0,0,0,0,0,788.8,1,1500,0.25
5034176,507447,21493,0,1,0,0,0,0,69,1000,0,0,0,27,27,0,0,0,0,0,0,1320,2,1500,0.3846
4900469,99794,12225,0,1,61.96,0,0,3,61,1000,0,0,0,28,25,0,0,0,0,0,0,949.6,3,1500,0.5185
4570672,1822207,5146,0,0,0,0,0,0,86,978,0,0,0,31,31,0,0,0,0,0,0,64.09,1,1474,0.1667
5569023,180160,14021,0,1,802,3,3,1,2,1029,7,2,57.96,49,48,0,0,0,0,0,0,3015,3,1494,0.9375
438888,867972,29753,1,0,164.8,1,0,0,35,1000,1,1,0,48,46,0,529.2,0,0,0,0,984.5,5,1500,0.5319
4116267,141971,13197,0,0,22.8,0,0,0,70,985,0,0,0,31,30,0,0,0,0,0,0,307.9,2,1453,0.3333
5332605,261640,15914,0,0,0,0,0,0,75,969,0,0,0,29,28,0,0,0,0,0,0,93.76,3,1401,0.25
4853958,903471,30571,0,0,0,0,0,0,45,992,0,0,0,28,24,0,0,0,0,0,0,230.6,1,1495,0.6667
2396590,723010,26454,0,0,100,0,0,0,34,997,1,1,4.777,27,27,0,0,0,0,0,0,676.9,2,1480,0.1923
1995348,828487,28841,1,0,55.72,0,0,0,47,1052,0,0,0,96,95,0,611.8,0,76.18,0,0,1776,2,1508,0.9053
2070377,1171424,36659,0,0,70.52,0,0,0,89,1081,0,0,0,27,27,0,0,0,0,0,0,259.8,1,1507,0.0769
2174101,1932844,5391,0,1,17.92,0,1,0,15,1000,2,1,85.53,50,49,0,933.6,0,0,0,0,2363,6,1500,0.8571
4108790,1986695,5511,0,1,25.8,0,0,1,64,983,0,0,0,48,46,0,0,0,0,0,0,855.7,3,1509,0.4468
5805739,394332,18930,1,0,86.73,0,0,0,74,1136,0,0,0,26,26,0,0,0,0,0,0,58.6,1,1444,0.2
5646259,1117968,35428,0,0,0,0,0,0,56,1172,0,0,0,30,26,0,0,0,32.71,0,0,4824,5,1542,0.6552
4783972,628604,24295,0,0,139.4,0,0,0,29,1068,1,1,15.14,98,97,0,0,0,0,0,0,1441,6,1516,0.7938
5736032,1409792,4202,0,7,433.2,1,3,7,8,1077,3,2,129,48,48,0,0,0,0,0,0,2782,4,1487,0.9787
4963659,109435,12463,0,0,6.4,1,0,0,35,1000,1,1,3.597,27,27,0,0,0,0,0,0,160.2,3,1500,0.3462
6188968,1286591,39239,1,4,176.5,1,0,3,28,1095,1,1,97.09,30,29,0,1795,0,135.5,0,0,1538,4,1554,0.8621
446790,1215734,37655,1,2,397.1,1,1,9,31,1603,1,1,48.31,49,48,1,0,0,0,0,0,1815,4,1628,0.7292
5452852,304458,16880,0,0,173.5,1,1,5,43,983,1,1,11.78,29,28,0,0,0,0,0,0,287.4,2,1486,0.1429
5925415,868026,29755,0,7,715.6,0,2,7,1,1070,7,1,141.2,95,93,0,1638,0,0,0,0,3548,5,1510,1
3307487,252989,1571,0,4,362.2,2,1,3,8,1206,3,1,59.16,31,30,3,314.7,0,0,0,0,1754,4,1563,0.8667
5791097,184965,1413,0,0,0,0,0,0,90,1017,0,0,0,27,26,0,0,0,0,0,0,37.02,1,1520,0.0385
5567213,87378,11952,0,0,0,0,0,0,76,1000,0,0,0,28,26,0,678.6,0,0,0,0,1423,8,1500,0.1852
5161983,761477,27315,0,1,23.22,0,0,0,69,1086,0,0,0,26,26,0,0,0,0,0,0,57.77,2,1457,0.08
5594338,1467960,43365,0,2,111.9,0,0,3,45,1138,0,0,0,27,27,0,1346,0,15.14,0,0,1563,3,1473,0.8077
6037753,1415575,42160,0,0,0,0,0,0,95,1196,0,0,0,49,45,0,0,0,0,0,0,0,0,1520,0
485168,2606052,7845,0,0,0,0,0,0,66,980,0,0,0,29,29,0,0,0,54.13,0,0,658.5,4,1504,0.4643
3216085,1512684,44379,0,1,276.4,1,0,1,16,1056,2,1,34.61,48,47,1,0.0079,0,8.142,0,0,3528,10,1514,0.8936
4139697,1201450,37331,0,2,67.7,0,0,10,48,993,0,0,0,29,27,1,3575,0,41.42,0,0,2495,9,1494,0.8214
565936,460117,20435,1,0,123.8,1,0,0,40,1000,1,1,5.706,47,46,0,0,0,0,0,0,80.07,2,1500,0.1087
1108554,418755,19500,0,5,274.6,3,0,1,11,1213,2,1,7.99,17,17,0,3359,0,0,0,0,2765,9,1495,0.8125
1090457,122874,1277,0,0,0,0,0,0,89,1036,0,0,0,50,44,0,0,0,0,0,0,54.39,1,1511,0.0408
3798090,757630,27225,0,0,62.3,0,0,0,78,1000,0,0,0,49,49,0,0,0,0,0,0,40.29,2,1500,0.2708
1519235,640464,24558,0,2,136.8,2,0,2,9,1048,3,2,167.9,26,26,0,0,0,0,0,0,2204,4,1499,0.56
3727240,558584,22697,0,0,134.9,0,0,0,74,1006,0,0,0,27,27,0,0,0,0,0,0,243.2,1,1479,0.3077
1530534,1141754,35976,1,2,242.6,2,1,0,6,1000,3,1,17.85,23,23,0,0,0,0,0,0,2088,3,1500,0.9545
1718154,488318,21059,1,0,251,2,0,1,39,1484,1,1,3.98,30,30,0,0,0,0,0,0,293,2,1515,0.3793
913329,778876,27709,0,0,0,0,0,0,87,1053,0,0,0,26,25,0,0,0,0,0,0,0.7392,0,1503,0.04
3507850,559670,2271,0,0,70.76,0,0,4,58,1176,0,0,0,27,25,0,4454,0,0,0,0,1057,7,1476,0.5
1978718,89565,12004,0,0,0,0,0,0,87,1101,0,0,0,27,27,0,0,0,0,0,0,179.8,1,1502,0.0385
1256852,991119,32560,0,0,100,1,1,0,41,1000,1,1,0,50,49,0,0,0,0,0,0,166.7,2,1500,0.1224
1910385,45610,11012,0,0,0,0,0,0,86,1060,0,0,0,27,27,0,0,0,0,0,0,0.0211,0,1514,0.0769
3847572,2693186,9828,0,4,200,1,1,1,14,1016,2,2,29.58,49,49,0,0,0,0,0,0,1127,4,1505,0.6667
4980638,921791,30998,2,2,187.5,1,1,6,30,987,1,1,51.57,28,27,0,0,0,0,0,0,1027,4,1488,0.5926
280072,2582066,7311,0,2,186,2,0,1,28,1059,1,1,15.73,29,28,0,0,0,0,0,0,2657,4,1508,0.7143
3617008,1584205,46001,0,0,290.9,0,0,0,14,1046,2,2,7.85,94,92,0,0,0,0,0,0,382.9,6,1530,0.5914
3790505,415864,19436,0,0,55.86,0,0,0,85,1571,0,0,0,48,46,0,0,0,0,0,0,63.88,3,1457,0.1277
1201429,1535392,44874,0,0,0,0,0,0,92,1094,0,0,0,98,93,0,0,0,0,0,0,13.48,0,1502,0.0412
1877842,1595333,46258,0,0,149.2,0,0,0,40,1000,0,0,0,22,21,0,1401,0,0,0,0,473.4,3,1500,0.7143
3857060,422078,19574,0,0,22.05,0,0,0,74,1367,0,0,0,29,27,0,0,0,0,0,0,574.6,3,1494,0.25
1473051,1589143,46118,0,1,315.8,2,3,1,8,1189,4,3,132.6,47,44,0,0,0,0,0,0,288.6,2,1454,0.3261
4082980,1634131,47149,0,0,0,0,0,0,53,1000,0,0,0,24,23,0,0,0,0,0,0,819.8,0,1500,0.2609
1446060,391442,18861,0,2,20.62,0,0,0,25,1237,1,1,0.9484,42,42,0,4229,0,0,0,0,2043,6,1609,0.6341
4275515,1354970,40788,0,1,0,0,0,0,57,1032,0,0,0,41,41,0,0,0,0,0,0,1117,3,1521,0.525
1705721,2634343,8494,0,2,275.5,2,0,5,21,1000,2,1,6.759,27,27,0,0,0,0,0,0,260.2,8,1500,0.2692
1093523,1480037,4364,0,1,304.6,3,0,2,14,1344,2,1,28.2,30,30,1,0,0,0,0,0,1079,2,1482,0.5517
1124853,1139388,35925,0,0,200,1,0,0,25,1040,2,2,14.86,50,48,0,0,0,0,0,0,114,1,1407,0.1837
1392611,1015659,33115,0,5,156.7,0,0,3,44,1058,0,0,0,23,21,1,5085,0,0,0,0,3065,5,1476,0.5909
1537527,1453477,43030,0,1,87.57,0,0,2,60,1300,0,0,0,28,28,0,4656,0,0,0,0,1406,5,1461,0.6296
2113475,95761,12133,0,0,82.35,1,1,1,38,1333,1,1,4.801,27,27,0,0,0,0,0,0,263.4,3,1520,0.3077
3272127,1036440,33575,0,0,100,1,0,0,28,1000,1,1,3.969,23,22,0,0,0,0,0,0,105.8,2,1500,0.0454
6066524,220587,14973,0,0,198.5,1,0,1,85,1087,0,0,0,29,28,0,0,0,0,0,0,63.74,1,1495,0.25
508474,928693,31154,0,0,0,0,0,0,78,1000,0,0,0,95,93,0,0,0,0,0,0,0.1748,1,1500,0.1809
4502062,485308,2098,0,2,215.8,0,0,4,27,1018,1,1,12.09,97,93,0,0,0,0,0,0,1443,4,1497,0.6354
1844331,104374,12343,0,0,148.3,0,0,0,77,1000,0,0,0,28,28,0,0,0,0,0,0,310.6,2,1500,0.2963
5340331,646429,24708,0,0,163.2,1,0,0,66,1000,0,0,0,48,47,0,0,0,0,0,0,238.4,3,1500,0.3617
2241951,2193655,5983,0,0,0,0,0,0,75,972,0,0,0,25,24,0,635.8,0,0,0,0,33.71,0,1447,0.0833
783525,1045353,33783,0,0,99,0,0,0,60,1036,0,0,0,26,24,0,0,0,0,0,0,345.8,4,1489,0.36
5766860,1353702,40760,0,1,657,4,2,7,2,1425,6,2,87.91,29,28,0,2042,0,0,0,0,844,5,1562,0.6429
2977119,1529903,4475,0,0,24,0,0,0,58,1000,0,0,0,22,22,0,0,0,0,0,0,39.56,1,1500,0.2857
2804655,1002181,32816,1,1,58.65,0,0,1,44,967,0,0,0,47,45,0,4427,0,0,0,0,1845,4,1489,0.7609
2584391,120625,12721,0,0,180.8,1,0,0,21,987,2,2,21.26,28,27,0,0,0,0,0,0,412.6,3,1492,0.3704
453122,1495016,43987,0,2,140.9,0,1,3,21,1015,1,1,22.63,29,29,1,4012,0,0,0,0,3645,5,1504,1
4740428,1605603,46493,0,1,58.48,1,0,1,61,1000,0,0,0,26,26,0,0,0,0,0,0,1865,5,1500,0.6
3112802,2562512,6861,0,0,146.8,1,0,7,46,1000,0,0,0,22,21,0,0,0,0,0,0,782.3,5,1500,0.5714
630946,322275,17288,2,3,128.1,1,1,0,29,1229,1,1,0,28,26,0,0,0,0,0,0,2203,7,1511,0.8148
5848232,518632,2174,1,0,283,2,0,0,15,1182,2,2,5.31,49,47,0,0,0,0,0,0,141.6,4,1521,0.375
5587604,1124677,35574,0,0,0,0,0,0,81,1000,0,0,0,45,42,0,0,0,0,0,0,0,0,1499,0
146330,2698385,9948,0,0,69.79,1,0,0,34,1245,1,1,12.51,32,28,0,0,0,0,0,0,105.2,3,1454,0.129
766199,283318,16402,0,1,233.9,1,0,0,15,1188,2,1,30.78,27,26,1,0,0,0,0,0,1965,2,1452,0.7308
630758,314259,17098,0,0,336.8,3,2,1,3,1582,4,1,13.04,29,27,0,0,0,0,0,0,90.34,3,1519,0.0357
5650931,1358249,40867,0,4,701.7,0,1,1,1,1000,7,1,105.5,94,91,0,0,0,0,0,0,3063,5,1500,0.9785
1256988,996935,32697,0,0,0,0,0,0,49,973,0,0,0,27,22,0,0,0,0,0,0,1619,6,1504,0.5385
1123399,1075459,34462,0,2,110.2,0,0,0,38,1003,0,0,0,29,27,0,2335,0,0,0,0,1459,4,1467,0.7143
5790689,2666517,921,0,4,278.4,1,1,1,4,1447,5,2,104.4,49,48,0,0,0,0,0,0,3536,4,1582,1
1808201,1494042,43967,2,0,100.7,0,0,0,52,1000,0,0,0,28,28,0,2473,0,0,0,0,3584,4,1500,0.5185
3677246,1303262,39606,0,2,563.5,4,0,2,3,1000,5,2,20.97,24,24,0,0,0,0,0,0,1332,4,1500,0.6957
3856249,386274,18736,0,0,19.35,0,0,0,50,1010,0,0,0,24,23,0,0,0,0,0,0,969.3,3,1495,0.2174
5031261,365327,18255,0,0,49,0,0,0,94,1000,0,0,0,49,48,0,0,0,0,0,0,17.45,1,1500,0
5640092,801253,28209,1,1,99.33,0,0,0,63,1133,0,0,0,30,28,0,0,0,0,0,0,918.4,2,1493,0.4483
4136446,1054508,33988,0,0,0,0,0,0,64,1034,0,0,0,30,26,0,0,0,0,0,0,90.97,3,1513,0.3103
1092676,1105894,3513,0,1,60.38,0,0,1,28,1093,1,1,12.2,29,29,1,1009,0,0,0,0,2990,4,1535,0.5357
4594747,889224,30256,0,0,100,1,1,2,38,1125,1,1,0.8476,47,46,0,0,0,0,0,0,84.59,1,1483,0.0652
2381251,39670,10890,0,0,0,0,0,0,67,988,0,0,0,30,27,0,0,0,0,0,0,616.5,2,1489,0.2759
4521755,550802,22521,0,0,81.27,0,0,0,81,1000,0,0,0,30,29,0,0,0,0,0,0,149.3,6,1500,0.2069
5858310,200523,14499,0,0,10.19,0,0,0,88,1000,0,0,0,49,48,0,0,0,0,0,0,76.56,1,1500,0.0833
2547960,1489299,43856,0,0,0,0,0,0,51,1000,0,0,0,50,49,0,0,0,0,0,0,1578,4,1500,0.6939
2786957,210433,14726,0,0,0,0,0,0,88,980,0,0,0,50,48,0,0,0,0,0,0,15.71,1,1486,0.1224
3074536,1139432,35926,0,0,0,0,0,0,56,1114,0,0,0,96,96,0,0,0,0,0,0,1084,2,1460,0.6316
1728488,944238,31516,2,0,312,3,0,1,16,1114,2,1,53.05,29,28,0,0,0,0,0,0,2541,7,1514,0.75
5379294,17199,1037,0,0,40.85,0,0,0,30,990,1,1,8.24,29,27,0,0,0,0,0,0,361,2,1501,0.1786
3212062,1331297,40273,1,1,117.5,1,1,1,28,1006,1,1,18.63,31,30,2,941.1,0,0,0,0,1519,3,1497,0.6333
4044917,2612880,8006,0,0,200,0,2,0,16,1292,2,1,18.82,93,86,0,0,0,0,0,0,178.5,1,1511,0.1739
1235298,37123,10832,0,0,0,0,0,0,54,1000,0,0,0,42,39,0,0,0,0,0,0,1022,4,1500,0.5122
3797616,736074,26744,0,1,11.19,0,0,1,52,1074,0,0,0,47,47,0,0,0,0,0,0,1692,5,1523,0.7391
721691,1318483,39970,1,4,662.1,4,3,12,3,1000,6,3,140.6,28,27,0,6386,0,0,0,0,2063,7,1500,0.8889
1726179,843526,29178,0,0,0,0,0,0,86,1009,0,0,0,49,45,0,0,0,0,0,0,6.401,1,1490,0.0833
2732905,779323,27719,0,0,100,0,0,0,32,1000,1,1,4.753,84,82,0,0,0,0,0,0,250.8,4,1500,0.3614
2448800,57689,11273,0,0,0,0,0,0,80,1090,0,0,0,96,89,0,0,0,0,0,0,35.07,2,1525,0.1474
5397668,526370,21943,0,0,0,0,0,0,61,1214,0,0,0,29,29,0,0,0,0,0,0,1173,2,1541,0.5357
1050263,837054,29024,0,0,374.8,1,0,1,13,1019,2,1,17.11,47,46,0,351.2,0,0,0,0,2288,3,1507,0.8913
2110410,2657687,9030,0,0,189,0,0,0,19,1000,2,1,14.04,86,84,0,0,0,0,0,0,394.6,2,1500,0.3647
4993672,1549584,45214,0,0,312,3,0,0,29,1054,1,1,4.353,46,44,0,0,0,0,0,0,1219,4,1487,0.6
2194934,724957,26497,1,2,136.1,1,0,1,32,1000,0,0,0,22,21,0,0,0,0,0,0,1952,3,1500,0.8571
5228444,1058912,34082,0,0,0,0,0,0,94,986,0,0,0,28,28,0,872.8,0,0,0,0,253.6,2,1482,0.037
1719914,564559,22842,0,0,28.8,0,0,0,67,1000,0,0,0,21,20,0,0,0,0,0,0,29.3,1,1500,0.05
6145718,2633045,8462,0,0,0,0,0,0,89,1021,0,0,0,28,26,0,0,0,0,0,0,141.4,0,1520,0.1111
4780593,473042,20703,0,0,19.35,0,0,0,86,1148,0,0,0,49,48,0,0,0,0,0,0,54.9,1,1504,0.1458
3018495,1619280,46799,1,0,200.7,2,0,0,15,1000,2,1,5.522,22,21,0,0,0,0,0,0,177.5,2,1500,0.3333
2068109,1071218,34361,0,0,25.8,0,0,0,80,1044,0,0,0,47,44,0,0,0,0,0,0,71.32,2,1511,0.1304
1790235,694120,25786,0,0,0,0,0,0,58,1003,0,0,0,97,93,0,0,0,20.37,0,0,1372,1,1504,0.5104
1845875,174540,13898,0,0,0,0,0,0,96,1208,0,0,0,49,48,0,0,0,0,0,0,0,0,1448,0
2330985,795568,28079,0,2,117.9,0,0,1,51,1196,0,0,0,97,95,0,5322,0,23.6,0,0,2023,4,1577,0.8542
987830,1073273,34412,1,0,24.49,0,0,0,57,1038,0,0,0,44,44,0,2602,0,0,0,0,742.1,2,1549,0.4884
3809198,1259361,38635,0,0,28.8,0,0,0,49,1000,0,0,0,23,21,0,0,0,0,0,0,461.9,3,1500,0.5
3458514,436096,19899,0,0,0,0,0,0,62,1037,0,0,0,96,95,0,0,0,0,0,0,314.6,3,1513,0.4632
495162,347449,17839,2,5,763.3,5,0,1,1,1234,7,2,80.85,49,48,2,0,0,0,0,0,3476,4,1480,0.9583
4847697,609703,23844,0,0,0,0,0,0,79,1000,0,0,0,96,93,0,0,0,0,0,0,124.2,2,1500,0.2
4343770,1451088,42975,0,0,0,0,0,0,89,1000,0,0,0,30,28,0,0,0,0,0,0,8.731,0,1500,0.0345
3852748,228589,15153,0,0,82.96,0,0,0,81,996,0,0,0,46,45,0,0,0,0,0,0,117.4,2,1499,0.1556
4475564,1444403,42825,0,3,0,0,0,0,45,1049,0,0,0,98,97,0,0,0,0,0,0,1476,5,1514,0.7732
4663459,1048105,33846,0,0,0,0,0,0,97,977,0,0,0,27,25,0,0,0,0,0,0,20.68,1,1478,0
141686,1892782,5304,1,6,662.8,2,1,4,5,1000,3,1,28.9,25,24,1,4119,0,0,0,0,3034,5,1500,0.875
4375228,2579113,7245,0,0,0,0,0,0,36,1000,0,0,0,24,22,0,0,0,0,0,0,689.9,5,1500,0.913
5339856,622569,24148,0,0,0,0,0,0,77,1000,0,0,0,49,47,0,0,0,0,0,0,56.05,2,1500,0.2708
37610,1213850,37610,0,0,42.28,0,0,3,67,1156,0,0,0,27,26,0,0,0,0,0,0,781.2,4,1507,0.3077
4972587,536727,22188,0,0,0,0,0,0,64,1000,0,0,0,43,43,0,0,0,0,0,0,316.4,2,1500,0.3095
3073226,1080931,34588,0,0,0,0,0,0,66,926,0,0,0,29,28,0,0,0,0,0,0,21.89,1,1472,0.4286
3546317,1395953,41706,0,0,0,0,0,0,88,1020,0,0,0,29,24,0,0,0,47.98,0,0,25.77,0,1496,0.0357
1791938,770213,27511,0,0,0,0,0,0,96,1020,0,0,0,28,28,0,0,0,0,0,0,33.56,1,1511,0
3440476,186630,1417,0,0,38.95,0,0,0,74,1002,0,0,0,49,48,0,0,0,0,0,0,498.8,2,1516,0.2917
4459241,700487,25932,0,0,0,0,0,0,77,985,0,0,0,32,29,0,0,0,0,0,0,87.52,2,1508,0.1613
224650,444377,20078,0,2,118.4,1,0,1,28,1020,1,1,2.613,27,26,0,0,0,48.89,0,0,2172,2,1444,0.7308
2664319,700712,25938,0,2,124.5,0,0,1,62,1364,0,0,0,48,48,0,0,0,0,0,0,333.9,3,1574,0.4681
4305660,1173910,3670,0,2,350.8,1,0,2,30,1049,1,1,2.866,30,30,2,463.6,0,0,0,0,1459,2,1508,0.4828
3176938,1452109,4299,0,0,100,0,0,2,40,972,1,1,8.856,98,98,0,0,0,0,0,0,132.6,2,1466,0.3402
5752238,585671,23296,0,0,0,0,0,0,79,1005,0,0,0,48,47,0,0,0,0,0,0,237.1,1,1499,0.1702
3814704,1508205,44274,0,1,25.72,1,0,0,56,1000,0,0,0,22,21,0,0,0,0,0,0,1416,1,1500,0.2381
5178268,1568498,45649,0,0,200,1,0,1,40,994,1,1,1.925,49,47,0,0,0,0,0,0,97.35,2,1501,0.1875
415205,2231056,6068,0,0,0,0,0,0,65,1034,0,0,0,28,26,0,0,0,0,0,0,1017,3,1512,0.2963
2180612,88880,11989,0,1,100,0,1,0,26,1069,1,1,2.489,97,96,0,0,0,0,0,0,789.9,4,1486,0.6771
445627,1164341,36492,0,1,100,0,0,1,20,1000,1,1,15.31,21,21,0,0,0,0,0,0,2295,5,1500,0.85
4664895,1114566,35344,1,4,1352,6,1,3,1,1225,13,2,51.99,48,45,0,0,0,0,0,0,3061,3,1496,0.9787
1655681,706197,26067,0,0,30.8,0,0,0,67,1008,0,0,0,49,47,0,0,0,0,0,0,248.8,2,1409,0.4583
6066827,240221,15428,0,2,476.8,4,0,7,7,1036,4,1,21.6,28,27,0,0,0,0,0,0,1698,3,1497,0.6296
5268934,77303,11727,1,2,427.7,2,2,3,6,968,3,1,33.13,32,31,1,1460,0,0,0,0,1727,4,1427,0.7097
5118688,1629372,47040,1,0,193.4,1,0,0,31,1000,1,1,50.11,44,42,0,0.2085,0,0,0,0,886.8,2,1500,0.3256
3000050,788650,27927,0,1,19.35,0,0,1,61,1000,0,0,0,49,48,0,0,0,0,0,0,436,2,1500,0.4583
1169797,133128,13006,0,0,382.5,3,0,5,20,1253,2,1,50.12,28,27,2,0,0,0,0,0,292.4,3,1492,0.2222
2198058,864402,29666,0,0,74.2,1,0,0,38,1000,1,1,1.785,28,28,0,0,0,0,0,0,385.7,4,1500,0.2593
422724,159463,13587,0,3,90,0,0,8,29,1021,1,1,7.856,28,28,0,0,0,0,0,0,2609,6,1462,0.7037
4920217,1036847,33587,1,4,151.1,0,0,2,48,1299,0,0,0,27,24,0,1206,0,0,0,0,1639,4,1524,0.6538
1432100,1660482,4775,0,1,70.95,0,0,6,45,985,0,0,0,27,26,0,0,0,0,0,0,3089,6,1502,0.7692
6104234,1464322,4327,0,0,36.36,0,0,0,95,1000,0,0,0,49,46,0,0,0,0,0,0,56.75,0,1500,0
4371139,894025,3035,2,1,96,0,0,6,39,1000,0,0,0,20,20,0,0,0,0,0,0,895.6,2,1500,0.6842
3178046,1951502,5433,1,1,280.3,2,0,0,11,1000,3,1,11.46,29,29,0,0,0,0,1,0,900.8,3,1500,0.4286
3271407,1002909,32833,0,0,0,0,0,0,81,1000,0,0,0,26,25,0,0,0,0,0,0,175.1,1,1500,0
3268516,872364,29862,0,2,235.2,3,1,5,9,1115,3,2,46.07,49,49,1,0,0,0,0,0,1788,5,1459,0.75
4332669,944570,31527,0,0,0,0,0,0,67,1000,0,0,0,27,27,0,900.9,0,0,0,0,1922,3,1500,0.3846
653872,1329582,40228,0,0,0,0,0,0,83,1033,0,0,0,30,30,0,0,0,0,0,0,109.5,1,1501,0.1379
2549816,1572800,45745,0,1,0,0,0,3,51,1000,0,0,0,27,26,0,0,0,0,0,0,2368,5,1500,0.6154
1838165,2246469,6102,0,0,18.81,0,0,0,43,1000,0,0,0,21,20,0,0,0,0,0,0,30.07,3,1500,0.5
4124821,529054,22005,0,0,184.5,1,0,1,22,1339,2,2,8.214,48,46,1,0,0,0,0,0,111.4,2,1539,0.1702
3444406,1952815,5436,0,0,179.6,0,1,0,30,1142,1,1,8.138,93,92,0,0,0,0,0,0,460.3,4,1518,0.4891
2848433,2671606,9336,0,0,73.94,1,0,0,95,1030,0,0,0,29,29,0,0,0,0,0,0,63.01,1,1496,0
3816934,1609148,46565,1,2,241.5,0,0,3,28,1173,1,1,37.48,50,50,2,0,0,0,0,0,1730,8,1468,0.8367
2378343,2609641,7931,1,5,465.9,3,1,10,4,1278,5,3,39.27,29,28,0,0,0,0,0,0,3180,5,1512,0.9643
1734865,1229460,37966,0,0,0,0,0,0,69,1000,0,0,0,44,44,0,1313,0,0,0,0,526.8,2,1500,0.3256
2650897,101006,12258,0,1,157.1,0,0,1,35,1000,0,0,0,23,22,0,0,0,0,0,0,1811,4,1500,0.7727
770536,475042,20753,0,0,160.4,0,0,0,36,994,1,1,0,49,49,0,0,0,0,0,0,256.7,5,1497,0.2917
1798025,1040924,33682,0,0,0,0,0,0,56,945,0,0,0,31,31,0,0,0,0,0,0,1658,5,1478,0.7333
1941885,1447256,42889,0,0,69.58,1,0,0,88,1151,0,0,0,27,26,0,0,0,0,0,0,91.39,2,1566,0.1538
1843735,78038,11742,0,0,25.8,0,0,0,95,1042,0,0,0,29,29,0,0,0,0,0,0,25.51,1,1516,0
6158009,1048184,33848,0,1,225.8,0,0,1,15,1080,2,1,33.91,97,90,0,0,0,0,0,0,564.9,6,1495,0.6667
3411633,1322799,40069,0,0,18.1,1,0,0,93,1028,0,0,0,50,50,0,0,0,0,0,0,32.37,2,1518,0.0612
6118315,807049,28332,1,2,441.8,1,0,0,3,1051,6,2,105.6,49,49,0,0,0,47.7,0,0,2563,4,1469,0.9167
3803543,1003274,32841,4,4,268.1,1,2,5,5,1108,3,2,33.17,27,24,0,0,0,0,0,0,2545,6,1501,0.8846
1717979,480668,20882,0,2,114,1,0,1,23,1024,2,1,21.96,49,46,0,0,0,0,0,0,88.58,1,1502,0.2708
3517131,79477,11776,0,0,31.2,0,0,0,53,1181,0,0,0,28,28,0,0,0,0,0,0,44.61,2,1473,0.037
2594207,559144,22709,0,0,122.5,0,0,0,83,1000,0,0,0,29,28,0,0,0,0,0,0,53.64,2,1500,0.1429
1120047,925488,31079,0,2,230.1,2,1,4,11,1000,2,1,11.58,20,20,0,0,0,0,0,0,853.6,3,1500,0.5789
1587322,666445,25153,0,0,267.6,1,0,0,39,1322,1,1,11.67,49,46,0,0,0,3.983,0,0,198.9,1,1578,0.3333
2524861,456701,20358,0,0,0,0,0,0,77,1002,0,0,0,27,25,0,0,0,0,0,0,1.98,0,1503,0.1154
5145561,2651811,8890,0,3,121,1,0,2,25,1000,1,1,7.699,49,49,1,621,0,312.7,0,0,2507,5,1500,0.8958
4500428,1332546,402,1,0,53.17,0,0,0,31,1088,1,1,69.41,49,48,0,0,0,0,0,0,1021,3,1491,0.5833
5207740,28245,10636,1,1,562.3,3,2,5,2,1300,7,3,32.32,27,25,0,0,0,15.44,0,0,3437,8,1469,0.8462
2340046,1199084,37282,0,1,173.8,1,0,0,26,1095,1,1,62.93,29,28,0,0,0,0,0,0,1885,6,1523,0.7143
656761,1457644,43119,2,0,954.8,0,6,0,3,1000,10,1,120.4,14,9,0,3602,0,0,0,0,1444,18,1500,0.8462
4929558,1479970,43647,0,0,0,0,0,0,70,1000,0,0,0,48,43,0,0,0,0,0,0,65.01,1,1500,0.2553
4256193,479925,20868,0,1,0,0,0,1,66,1005,0,0,0,26,25,0,0,0,0,0,0,731.8,3,1508,0.4
4735838,1393679,41657,0,0,27.93,0,0,0,59,1026,0,0,0,99,98,0,0,0,0,0,0,412.7,6,1497,0.5306
1453716,728881,26590,0,0,0,0,0,0,61,1292,0,0,0,46,42,0,0,0,0,0,0,29.9,0,1532,0.4667
2207368,1281251,39114,1,2,80,0,0,0,70,999,0,0,0,28,27,0,0,0,0,0,0,635.4,1,1498,0.1852
3385404,140904,13174,0,1,213,0,0,2,71,1043,0,0,0,29,28,0,0,0,0,0,0,195,2,1460,0.2857
294151,502732,21390,0,2,560.8,4,2,6,2,1043,5,1,145.6,27,26,1,1598,0,0,0,0,3305,8,1511,0.6923
5448084,65201,11444,2,3,329.6,3,2,5,2,1114,4,1,58.44,27,27,1,0,0,0,0,0,3358,3,1506,1
3872638,1125161,35586,0,2,318.7,2,0,3,2,1000,4,1,12.37,22,22,2,1660,0,0,0,0,1633,3,1500,1
4469865,1184176,36952,0,2,328.5,2,2,6,20,1000,2,1,71.65,49,46,0,0,0,0,0,0,1852,5,1500,0.7083
3841847,1300148,3953,0,0,0,0,0,0,59,1000,0,0,0,23,20,0,0,0,0,0,0,0,0,1500,0
4061133,645779,24693,0,0,0,0,0,0,77,1130,0,0,0,31,29,0,0,0,0,0,0,222.8,2,1482,0.1333
3465324,742042,26881,1,0,96.48,0,0,0,53,995,0,0,0,91,87,0,2908,0,0,0,0,797.6,5,1482,0.5
2546514,1425031,42387,0,2,188.9,0,0,1,35,1020,1,1,12.65,29,29,1,0,0,0,0,0,1874,4,1503,0.6429
1704377,2574404,7134,0,0,78.88,0,0,0,73,1027,0,0,0,28,28,0,0,0,0,0,0,163,4,1506,0.2593
3182688,8483,10186,0,0,86.04,0,0,0,91,982,0,0,0,96,95,0,0,0,0,0,0,8.239,0,1484,0.0526
1667263,1221764,37783,0,7,311.2,0,0,4,25,1062,1,1,118.1,98,92,0,4352,0,0,0,0,2801,8,1511,0.8041
5687548,237545,15366,0,0,0,0,0,0,73,1027,0,0,0,28,27,0,0,0,0,0,0,149.1,1,1451,0.4444
5978988,904706,30599,0,4,155.7,0,0,2,28,1124,1,1,14.79,95,93,0,0,0,0,0,0,1109,5,1557,0.7234
2606278,1100708,35020,1,1,0,0,0,5,47,1054,0,0,0,27,26,1,950.6,0,0,0,0,2752,3,1529,0.8462
3109612,1144612,3603,0,4,179.3,2,0,1,30,1163,1,1,2.236,27,27,1,3837,0,0,0,0,1738,7,1521,0.6154
4724621,871755,29844,0,3,121.1,0,0,3,53,1094,0,0,0,28,28,0,0,0,0,0,0,2737,3,1514,0.7407
1526657,968475,32057,0,0,100,1,1,0,36,1000,1,1,3.714,49,47,0,0,0,0,0,0,90.25,2,1500,0.2083
3672029,1066825,34265,2,9,876.1,5,2,4,1,1117,10,2,259.8,47,46,1,0,0,0,0,0,4398,6,1504,1
5210893,186316,14171,1,1,113.9,0,0,2,55,1204,0,0,0,28,27,1,0,0,0,0,0,1626,5,1546,0.5185
3457211,378284,18558,0,0,70.73,0,0,0,75,1009,0,0,0,96,96,0,0,0,0,0,0,16.73,1,1507,0.2526
2982615,4312,10096,0,1,48.84,0,1,2,32,1000,1,1,49.33,49,47,0,904.4,0,3.921,0,0,826.3,8,1500,0.625
2047024,132452,12994,0,0,100,0,0,0,23,1000,1,1,7.082,71,71,0,0,0,0,0,0,604.7,10,1500,0.6429
3254789,256226,15801,0,0,30.97,1,0,0,80,1000,0,0,0,47,43,0,0,0,0,0,0,131.4,3,1500,0.1087
4003659,1046984,33821,0,0,0,0,0,0,71,1075,0,0,0,94,93,0,0,0,0,0,0,135.3,3,1484,0.2903
5629324,250843,15667,0,2,613.8,2,2,1,2,1315,6,4,110.6,31,31,0,0,0,0,0,0,3389,9,1516,0.9
1370124,19143,10424,0,0,110,1,0,0,37,1000,0,0,0,20,17,0,0,0,34.21,0,0,942.4,2,1500,0.6842
4215188,1620608,46828,1,4,301.8,2,1,2,8,1067,3,2,50.06,49,47,1,471,0,0,0,0,2237,8,1497,0.6875
205744,77412,1172,2,0,48,0,0,0,42,1000,0,0,0,18,16,0,0,0,0,0,0,1147,2,1500,0.2941
3587618,259040,15862,0,0,195.1,1,1,0,41,1000,1,1,2.681,28,28,1,0,0,0,0,0,302.1,2,1500,0.3333
3674695,1185959,36998,0,0,100,0,1,0,37,1067,1,1,0.7476,99,97,0,0,0,0,0,0,144.8,2,1479,0.3878
5466533,993823,32623,2,7,396.6,1,0,1,7,1054,3,2,38.46,28,26,0,0,0,75.16,0,0,3236,5,1497,0.9259
3976670,2222160,6048,1,0,85,1,0,0,43,1000,0,0,0,23,22,0,1610,0,0,0,1,387.5,3,1500,0.5455
4280941,1600809,46379,0,0,100,0,0,0,30,1000,1,1,10.88,47,47,0,0,0,0,0,0,262.6,1,1490,0.1522
5695239,632733,24385,0,0,11.19,1,0,0,44,989,1,1,0,28,28,0,0,0,0,0,0,338.8,3,1409,0.2222
1061478,1332876,40308,0,0,249.8,0,1,0,15,1050,2,1,164.7,90,88,0,0,0,0,0,0,1112,8,1514,0.6966
2065944,973147,32159,1,5,129.4,0,0,1,22,1012,1,1,206.9,47,41,0,3820,0,0,0,1,3226,8,1518,0.8913
6163519,1547183,45155,0,3,294,0,1,2,6,1054,3,1,22.75,97,90,0,0,0,117.8,0,0,3206,7,1469,0.9479
1630554,2529804,674,1,1,294.4,3,1,9,8,1075,4,1,6.408,25,24,0,0,0,0,0,0,785.9,3,1500,0.25
932150,1611307,46615,0,0,91.59,0,0,0,86,1102,0,0,0,50,48,0,0,0,0,0,0,204.3,1,1519,0.102
1575169,127342,12878,1,0,341,2,0,1,15,1604,2,1,48.82,26,25,0,0,0,0,0,0,193.1,3,1575,0.68
719114,1203831,37387,0,0,0,0,0,0,96,1190,0,0,0,49,49,0,0,0,0,0,0,41.12,1,1478,0.0208
1057939,1175499,36752,1,0,39.8,1,1,1,37,1263,1,1,16.17,27,27,0,0,0,0,0,0,279.8,5,1502,0.4615
5405522,920502,30963,0,0,0,0,0,0,91,1000,0,0,0,27,25,0,0,0,0,0,0,15.29,1,1500,0
4339176,1242183,38247,0,0,0,0,0,0,60,1000,0,0,0,22,22,0,0,0,0,0,0,413.8,3,1500,0.1429
4900881,118877,12679,0,0,154.2,0,0,0,32,1029,1,1,9.827,97,96,0,0,0,0,0,0,1069,4,1502,0.6771
2389780,420450,19537,0,1,100,0,1,1,27,995,1,1,40.63,47,46,0,817.3,0,0,0,0,909,1,1499,0.5652
2982850,15597,10337,1,5,516.6,1,1,6,5,1259,4,1,87.36,27,24,2,0,0,0,0,0,2470,3,1573,0.8462
697262,242867,15487,0,6,24.45,0,0,4,46,1176,0,0,0,26,25,0,5202,0,0,0,0,1848,7,1522,0.8
3247226,2614942,8049,0,0,241.3,2,1,3,44,1177,1,1,12.22,26,26,0,0,0,0,0,0,69.32,2,1510,0.04
370216,847399,29268,0,0,251.4,0,0,0,21,1320,2,1,15.02,95,93,0,0,0,0,0,0,1073,4,1553,0.6064
20143,446886,20143,0,0,37.05,0,0,0,65,1000,0,0,0,48,46,0,0,0,0,0,0,302.7,2,1500,0.4468
165808,854421,29427,0,0,0,0,0,0,51,1000,0,0,0,95,94,0,120.9,0,0,0,0,1903,6,1500,0.7553
3481813,1485782,43779,2,2,496.9,3,1,2,6,1281,4,1,131.8,28,27,1,0,0,0,0,1,2612,6,1498,0.7407
2809647,1227226,37915,0,1,35.28,0,0,0,44,1000,0,0,0,49,49,0,0.0042,0,24.88,0,0,2932,4,1500,0.9375
5805831,399346,19044,0,0,0,0,0,0,91,1043,0,0,0,27,26,0,0,0,0,0,0,128.7,0,1515,0
4987760,1265667,38779,0,0,23.24,0,0,0,72,1000,0,0,0,29,27,0,0,0,0,0,0,217.2,2,1500,0.1071
6200383,1034389,3352,1,7,688.5,4,2,3,1,1272,8,3,92.68,27,27,1,5949,0,0,0,0,3389,6,1446,1
5077764,210573,1472,0,0,253.2,3,1,0,21,1135,2,1,11.08,28,26,0,0,0,0,0,0,217.5,1,1533,0.4074
2537069,1000920,32785,1,4,455.9,3,1,0,9,1048,3,2,23.39,28,28,1,1024,0,0,0,0,1034,3,1519,0.8148
1966985,98643,121,0,0,149,1,0,0,22,1000,1,1,13.5,22,21,1,0,0,0,0,0,814.8,3,1500,0.7143
2774872,608202,2380,0,0,0,0,0,0,62,1000,0,0,0,28,26,0,0,0,0,0,0,222.3,3,1500,0.4074
3142596,1203018,37369,1,0,100,1,0,0,37,1094,1,1,2.594,27,27,0,0,0,0,0,0,158.1,3,1485,0.1923
218008,152692,13436,1,8,218.8,0,2,5,3,1192,4,2,61.47,50,48,0,423.1,0,0,0,0,3767,4,1506,1
315296,1431596,42536,0,0,136.3,1,0,0,18,1052,2,2,57.37,28,28,1,0,0,0,0,0,1064,5,1506,0.6296
4346591,1578882,45886,0,0,187.5,1,1,0,34,1000,1,1,3.742,27,26,0,1513,0,0,0,0,605.9,3,1500,0.2308
3383281,45299,11004,1,0,453.9,2,1,5,29,1000,5,1,39.82,27,24,0,0,0,0,0,0,2796,15,1500,0.8462
4706567,37326,10837,0,0,0,0,0,0,64,1000,0,0,0,22,20,0,0,0,0,0,0,0,0,1500,0
4778760,387097,18754,0,0,59.34,0,0,0,55,983,0,0,0,26,25,0,0,0,0,0,0,356.3,3,1494,0.6
5650530,1337844,40400,0,0,96.76,0,0,1,39,920,1,1,1.175,46,41,0,0,0,0,0,0,92.32,3,1450,0.0889
4130585,789558,27944,0,1,0,0,0,0,63,1148,0,0,0,97,97,0,0,0,0,0,0,267.1,3,1373,0.5208
2801537,862269,29614,1,2,296.4,3,0,1,4,1127,4,1,78.79,26,24,1,6666,0,0,0,0,2158,3,1450,0.72
1832258,115467,125,0,0,93.85,0,0,0,69,1134,0,0,0,96,96,0,0,0,0,0,0,61.74,1,1496,0.3158
640993,762466,27339,0,0,154.2,0,0,0,64,1103,0,0,0,48,48,1,0,0,0,0,0,615.6,4,1516,0.4681
3323132,336269,17591,0,0,0,0,0,0,70,1068,0,0,0,49,49,0,0,0,0,0,0,402.3,2,1490,0.3542
2407491,1210520,37533,0,0,0,0,0,0,62,1138,0,0,0,30,29,0,0,0,0,0,0,296.2,5,1512,0.4828
4444420,25922,10579,0,0,0,0,0,0,77,951,0,0,0,48,45,0,0,0,0,0,0,81.73,0,1475,0.1489
6187421,1100565,35018,0,0,100,0,0,0,31,1069,1,1,19.35,98,96,0,0,0,0,0,0,1796,3,1504,0.7216
4514591,225405,15083,0,0,129.6,1,0,1,48,1000,0,0,0,45,42,1,488.3,0,0,0,0,2821,6,1500,0.7273
3645242,2531794,6753,1,3,235.8,1,1,4,16,1000,2,2,7.864,49,46,1,0,0,0,0,0,1272,5,1500,0.7917
725369,1480157,43653,0,4,71.53,0,0,2,55,1000,0,0,0,48,47,0,3414,0,0,0,0,2919,4,1500,0.7021
4602557,1248552,38394,0,0,49.3,0,0,0,56,997,0,0,0,45,45,0,0,0,0,0,0,1326,5,1497,0.5227
1740392,1475915,43553,0,0,163.8,2,0,0,84,1128,0,0,0,29,29,0,0,0,0,0,0,101.8,2,1522,0.0714
3537290,986903,32466,0,0,0,0,0,0,84,1108,0,0,0,49,48,0,0,0,0,0,0,30.93,1,1468,0.1458
2266368,910821,30740,0,0,100,1,0,2,37,1158,1,1,2.805,28,28,0,0,0,0,0,0,303.7,3,1501,0.4444
4054334,341477,17703,0,0,110,2,1,0,16,1000,2,2,3.439,23,20,0,0,0,0,0,0,15.57,1,1500,0.0454
2482522,1563504,45530,0,0,30.96,0,0,0,74,1000,0,0,0,22,21,0,0,0,0,0,0,14.54,0,1500,0
5791207,243002,1548,0,0,0,0,0,0,99,976,0,0,0,30,30,0,0,0,0,0,0,40.76,0,1465,0
3811352,1357252,40840,0,0,40.28,0,0,0,94,975,0,0,0,28,27,0,0,0,0,0,0,21.18,1,1478,0
5978761,891657,30309,0,0,0,0,0,3,80,1030,0,0,0,27,27,0,0,0,0,0,0,63.68,1,1511,0.2692
819029,90312,1201,0,1,0,0,0,2,42,1000,0,0,0,25,23,0,0,0,0,0,0,3657,9,1500,0.8333
4779595,425593,19651,1,0,112,0,0,0,57,1000,0,0,0,23,23,0,0,0,0,0,0,145.6,3,1500,0.3182
4957117,1911831,5345,0,0,53.4,1,0,0,40,972,1,1,13.83,27,27,1,0,0,0,0,0,119,1,1482,0.3077
3878930,1409829,42030,1,6,664.7,5,0,2,1,1000,7,3,69.8,21,21,0,200.4,0,0,0,0,1998,2,1500,1
4141402,1279606,39081,0,0,0,0,0,0,75,1000,0,0,0,27,26,1,0,0,0,0,0,415.1,1,1500,0.3077
443822,1085419,34687,0,0,0,0,0,0,69,1000,0,0,0,42,42,0,0,0,0,0,0,11.8,0,1500,0.1707
4395009,778222,27694,0,0,46.71,0,0,9,76,1038,0,0,0,26,25,2,0,0,0,0,0,506.3,2,1504,0.2
5579354,703079,25994,1,2,233.8,1,0,2,49,1000,0,0,0,29,28,0,0,0,76.36,0,0,3061,4,1500,0.9286
3650814,110053,12474,0,5,475.9,2,1,11,11,1000,2,1,45.71,22,21,1,122.2,0,0,0,0,1437,5,1500,0.9524
3084185,1574711,45786,0,0,0,0,0,0,86,1138,0,0,0,26,24,0,0,0,0,0,0,0,0,1455,0
4016024,1605942,46501,0,0,100,1,0,1,27,968,1,1,0,30,29,0,0,0,0,0,0,924.4,2,1471,0.5862
4517408,354535,18003,0,0,0,0,0,0,75,1000,0,0,0,87,85,0,0,0,0,0,0,78.61,1,1500,0.1512
5392284,256178,15800,0,0,0,0,0,0,74,1048,0,0,0,28,28,0,0,0,0,0,0,816,1,1499,0.2963
682488,2543237,677,0,3,55.89,1,0,0,28,1034,1,1,10.46,50,46,0,387.4,0,0,0,0,1702,5,1491,0.7755
206588,448205,2016,0,0,200,1,0,0,24,1195,2,2,10.58,45,45,0,0,0,0,0,0,8.31,1,1490,0.0454
3377629,1850775,5210,0,0,68.81,1,0,0,50,1034,0,0,0,48,47,0,0,0,0,0,0,1777,10,1444,0.6809
3482391,1512379,44371,0,0,91.8,0,0,0,54,1087,0,0,0,47,45,0,0,0,0,0,0,61.83,3,1493,0.7391
2997777,685629,25591,0,5,135.6,1,1,2,15,959,2,2,23.6,50,49,0,0,0,0,0,0,2686,3,1480,0.9592
4890031,2700560,999,0,2,102,1,0,0,24,1000,1,1,39.66,20,20,2,0,0,0,0,0,1538,3,1500,0.6316
2591325,431014,19779,0,3,121.9,1,0,0,22,1046,1,1,6.732,28,26,0,0,0,0,0,0,2190,5,1505,0.963
6028129,818165,28601,1,1,76,0,0,1,79,1019,0,0,0,29,26,0,0,0,0,0,0,145.5,3,1504,0.3214
2741272,1155116,36286,1,4,200.1,1,1,14,27,1018,1,1,83.18,27,26,0,0.8728,0,0,0,0,3071,5,1511,0.9615
3381320,2656158,8996,0,2,0,0,0,2,52,1153,0,0,0,28,27,0,0,0,0,0,0,2464,5,1465,0.7778
4927987,1406319,41951,0,8,544.2,5,2,8,2,1000,7,3,97.88,29,29,0,0,0,0,0,0,3234,5,1500,1
2647897,2665863,9207,0,3,621.4,4,3,3,1,1207,8,2,71.94,50,48,1,0,0,0,0,0,2685,4,1501,1
3060313,501471,21355,0,0,144.6,1,0,0,37,995,1,1,4.846,27,27,0,0,0,0,0,0,206.4,2,1507,0.2308
245702,1370518,41131,2,0,308.7,0,2,0,7,1120,3,1,68.11,27,26,0,0,0,0,0,0,2769,7,1512,0.9615
4969885,407584,19247,0,2,35.1,0,0,1,30,1032,1,1,61.86,28,27,0,742,0,0,0,0,1867,7,1448,0.6296
1255096,912835,30789,0,0,19.35,0,0,0,54,989,0,0,0,100,98,0,0,0,0,0,0,1534,3,1507,0.7778
5764333,1221163,37770,0,0,56.35,0,0,0,66,1035,0,0,0,97,92,0,0,0,0,0,0,332.1,3,1527,0.3333
1304853,122546,12771,0,1,251.8,1,0,0,25,1202,1,1,6.129,29,29,0,4408,0,0,0,0,1470,6,1543,0.6071
626730,135838,13067,0,1,171.5,0,0,2,49,1000,0,0,0,47,45,0,0,0,0,0,0,1314,8,1500,0.7391
3884128,1643559,47372,0,10,1357,0,4,4,1,1509,13,2,165.8,92,89,0,3139,0,0,0,0,2478,7,1546,1
1444915,341673,17709,0,1,100,1,0,1,71,1186,0,0,0,29,27,1,0,0,0,0,0,500.4,3,1484,0.25
929469,1492156,43923,0,0,197.4,1,1,1,34,1037,1,1,10.83,47,43,0,0,0,0,0,0,218.1,3,1500,0.3043
2593629,533741,22121,0,0,200,1,0,0,26,1000,2,2,12.94,49,46,0,0,0,57.65,0,0,120.2,2,1500,0.1875
4318149,289073,16534,1,4,263.6,1,2,1,11,1151,3,2,141.5,49,48,0,0.0104,0,14.96,0,0,2756,4,1492,0.9167
2239456,1080326,3456,0,2,0,0,0,1,68,1000,0,0,0,27,27,0,0,0,0,0,0,1703,2,1504,0.4615
4054930,367842,18314,0,0,0,0,0,0,62,1000,0,0,0,85,80,0,0,0,0,0,0,353.2,2,1500,0.2381
3382448,6909,10150,0,0,200,2,1,0,15,1016,2,1,30.65,30,25,0,0,0,0,0,0,398.3,2,1489,0.5172
385311,1512067,44363,0,0,100,1,0,0,90,1013,0,0,0,31,28,0,0,0,0,0,0,43.45,1,1493,0.0333
3440280,97232,1216,0,0,24,0,0,0,49,1000,0,0,0,20,20,0,0,0,0,0,0,414.2,2,1500,0.3684
5526371,1016457,33130,0,5,232.3,1,0,1,43,1023,0,0,0,50,48,0,669.5,0,0,0,0,2804,5,1478,0.9796
4141860,1300821,39553,0,1,546.5,4,7,0,1,1000,8,3,37.02,50,49,0,0,0,0,0,0,502.2,3,1500,0.5714
645290,949773,31639,0,0,28,0,0,0,52,1000,0,0,0,21,18,0,0,0,0,0,0,71.55,3,1500,0.2
4471491,1258897,38624,0,2,201.7,1,0,3,28,1071,1,1,206.9,46,44,0,4566,0,0,0,0,2360,7,1511,0.6444
2143445,1430078,42502,0,0,0,0,0,0,75,1000,0,0,0,25,25,0,0,0,0,0,0,12.23,0,1500,0.2917
570996,681729,25496,1,5,317.6,0,0,3,21,1091,1,1,8.539,45,44,0,1343,0,0,0,0,3308,5,1524,0.8864
2304401,53724,1118,1,0,48.96,0,0,0,82,1000,0,0,0,99,96,0,0,0,0,0,0,11.77,1,1500,0.1837
14402,196467,14402,0,4,593.2,3,1,9,1,1170,6,2,184.5,49,48,1,774.6,0,0,0,0,3482,5,1481,1
3518772,153618,13454,0,2,449.1,1,1,1,6,1081,3,2,50.48,43,43,1,2808,0,0,0,0,3483,5,1521,0.9286
496997,426535,19674,4,5,259.9,2,2,2,7,1265,3,1,48.02,28,27,2,0,0,0,0,0,2773,5,1546,0.963
2380166,2691348,9785,0,0,0,0,0,0,51,1130,0,0,0,26,25,0,0,0,149.8,0,0,127.7,0,1511,0.52
5295248,1394094,41666,0,0,149.1,1,0,0,43,1092,1,1,0.9461,28,27,0,0,0,0,0,0,98.6,1,1476,0.037
4011897,1419781,42264,0,0,22.8,0,0,0,60,1000,0,0,0,50,49,0,0.0093,0,33.45,0,0,634.3,2,1500,0.5306
5988818,1477487,43585,0,1,167.6,0,0,1,21,1031,1,1,9.261,97,91,0,0,0,0,0,0,2858,6,1509,0.9167
4445024,54508,11204,0,0,70.31,0,0,0,44,1072,0,0,0,27,26,1,0,0,0,0,0,2214,4,1524,0.8846
1909314,2697313,9924,0,0,18.2,0,0,0,75,1000,0,0,0,32,30,0,0.5319,0,0,0,0,550.2,6,1500,0.3226
3524721,421377,19557,0,0,88.39,0,0,0,39,1160,1,1,6.894,28,27,0,0,0,0,0,0,207.8,1,1394,0.1481
5343567,810088,28404,1,0,297.1,2,0,0,86,1000,0,0,0,27,27,0,0,0,0,0,0,162,1,1500,0.0769
980111,731147,26640,0,2,364.8,1,0,3,14,1052,2,1,76.2,50,48,0,733.9,0,0,0,0,1922,7,1511,0.8163
3001624,859134,29536,0,4,183.8,1,1,3,26,1000,1,1,118.4,46,44,0,0,0,0,0,0,4774,5,1500,0.7333
4772248,83809,11871,0,4,338.9,1,1,3,6,1584,4,1,206.8,30,28,1,0,0,0,0,0,2926,4,1514,0.931
88453,452448,20261,1,0,121.6,1,0,1,39,1125,1,1,1.319,28,28,0,0,0,0,0,0,167.1,2,1515,0.1481
4176954,2588320,7456,0,3,422.6,2,2,0,1,1142,6,3,147.4,28,25,2,4156,0,0,0,0,3275,6,1507,0.9259
1202036,1561476,45489,0,0,81.57,1,0,0,66,1000,0,0,0,49,48,0,404.8,0,0,0,0,492.4,4,1500,0.4792
1117649,820793,28664,2,1,515.6,2,1,3,18,1031,2,1,4.584,49,48,0,0,0,0,0,0,189.5,3,1507,0.5208
3375933,1092095,3482,0,0,45.48,0,0,0,57,975,0,0,0,29,29,0,0,0,0,0,0,775.3,2,1476,0.4643
2236508,1627602,469,0,0,25.8,0,0,0,75,1003,0,0,0,28,28,0,0,0,0,0,0,480.5,3,1503,0.2593
1466148,1282383,39143,1,0,210.4,0,0,0,39,1217,1,1,18.91,48,44,0,0,0,0,0,0,154.1,1,1506,0.1915
3511905,2383777,6413,0,0,80.96,0,0,0,80,1087,0,0,0,27,27,0,0,0,0,0,0,259.3,2,1474,0.1923
3009077,1194224,37174,0,0,48,0,0,0,43,1000,0,0,0,21,21,0,0,0,0,0,0,648,2,1500,0.45
1864120,982611,32371,1,0,97.5,0,0,0,69,992,0,0,0,48,46,0,0,0,0,0,0,187.5,1,1494,0.2979
2874824,1156780,36321,0,0,0,0,0,0,90,1305,0,0,0,29,27,0,0,0,0,0,0,0,0,1468,0
4275254,1342913,40522,0,0,0,0,0,0,71,1202,0,0,0,98,94,0,0,0,0,0,0,139.3,3,1542,0.299
1597116,1102670,35063,1,0,36.77,1,0,0,91,933,0,0,0,49,49,0,0,0,0,1,0,40.7,0,1451,0.0625
1325747,1048425,33852,1,3,158.9,1,0,0,30,1050,1,1,5.001,28,28,0,0,0,206.7,0,0,2078,4,1476,0.6296
854652,1185125,36978,0,4,23.4,0,0,3,44,1020,0,0,0,85,83,0,0,0,0,0,0,1395,7,1514,0.75
5339290,594635,23500,0,0,157.1,1,0,0,19,943,2,2,4.678,50,46,0,0,0,0,0,0,301.6,3,1424,0.4694
4114924,81318,11816,0,1,0,0,0,1,80,1274,0,0,0,27,26,0,0,0,0,0,0,208.8,3,1502,0.2308
3217470,1575110,45796,2,0,182.8,1,1,0,35,1105,1,1,1.111,26,26,0,0,0,0,0,0,398,3,1440,0.16
2874488,1141723,35975,1,2,456.5,3,0,5,14,1158,2,2,8.809,31,31,2,0,0,22.47,0,0,3199,5,1510,0.9667
3123458,344103,17766,0,2,3.488,0,0,0,33,1130,1,1,0,29,29,0,4885,1,0,0,0,1351,2,1511,0.6786
3147998,1447417,42893,0,0,33.11,0,0,0,38,1000,1,1,3.35,46,44,0,0,0,0,0,0,86.88,3,1500,0.1111
4910521,575142,23060,0,0,100,1,0,0,41,1138,1,1,3.279,27,26,1,0,0,0,0,0,31.03,1,1455,0
2712602,2568205,6990,0,4,311.9,0,1,5,8,1032,3,1,52.01,96,94,0,0,0,0,0,0,1759,5,1508,0.9368
4923719,1202928,37365,1,3,176.8,2,0,3,22,1058,1,1,0.8005,27,27,0,0,0,0,0,0,2028,4,1458,0.7692
6023225,517247,21716,0,0,25.2,1,0,0,46,1218,1,1,2.439,50,48,0,0,0,0,0,0,30.09,1,1527,0.0816
3979602,2659806,9073,0,0,204,2,0,1,40,1000,1,1,58.6,29,29,0,0,0,0,0,0,222.6,2,1500,0.0714
2123598,545022,22381,1,0,145.4,1,0,0,43,1117,0,0,0,28,26,0,0,0,0,0,0,1784,6,1516,0.9259
1366647,2564954,6915,0,0,0,0,0,0,71,1056,0,0,0,48,48,1,0,0,0,0,0,293.6,1,1563,0.3404
1159058,526206,2193,0,0,0,0,0,0,90,1278,0,0,0,30,26,0,0,0,0,0,0,0,0,1453,0
627008,148723,13345,0,4,211.2,2,0,2,9,1068,3,3,3.701,29,28,0,0,0,0,0,0,2100,5,1508,0.7857
2142989,1410290,42041,0,0,22.48,1,0,0,35,1028,1,1,27.79,28,28,0,0,0,0,0,0,235.3,1,1467,0.2963
6190584,1481655,43694,0,8,199,0,1,0,11,1000,2,1,34.4,97,96,0,0,0,0,0,0,3459,5,1500,0.9896
1660040,899199,30480,0,0,0,0,0,0,47,1027,0,0,0,27,26,0,0,0,0,0,0,752.8,2,1504,0.7308
5645101,1058596,34073,0,0,0,0,0,0,87,1000,0,0,0,96,93,0,0,0,0,0,0,23.26,1,1500,0.0737
234327,868143,29756,1,2,328.9,2,0,1,23,1157,1,1,1.545,30,28,0,1599,0,31.41,0,0,6836,3,1564,0.8276
3186107,163652,13677,0,0,0,0,0,0,78,1000,0,0,0,29,29,0,0,0,0,0,0,118.2,4,1500,0.2143
580964,1119722,35467,0,4,442.5,2,1,9,1,1000,5,2,12.29,22,22,1,0,0,0,0,0,2220,4,1500,0.9524
2465018,780145,27739,0,1,300,2,1,0,15,1013,3,2,18.79,28,28,0,0,0,0,0,0,2278,10,1460,0.6296
1876113,1518197,44499,0,1,211.2,1,0,6,70,1458,0,0,0,29,28,0,0,0,0,0,0,495.6,2,1458,0.3571
6216610,2647774,8804,0,0,130,1,0,2,14,1011,2,1,176.1,50,47,1,0,0,0,0,0,1441,10,1500,0.6735
3201552,857517,29499,0,0,19.6,0,0,0,54,998,0,0,0,49,49,0,0,0,0,0,0,634,4,1501,0.6875
284013,56740,11252,1,0,156.8,1,0,0,70,1055,0,0,0,26,25,1,0,0,0,0,0,170,4,1492,0.2
5220277,649607,24781,0,1,100,0,0,0,31,1027,1,1,38.84,99,98,0,0,0,0,0,0,1623,3,1499,0.7347
295219,548300,22458,0,0,0,0,0,1,76,1169,0,0,0,27,22,0,0,0,0,0,0,168.4,3,1431,0.0769
4960553,2660585,9090,0,4,31.33,1,0,4,31,1000,1,1,32.05,28,28,0,0,0,0,0,0,2070,5,1500,0.7778
2584398,120879,12728,0,0,52.7,0,0,0,41,1045,1,1,1.897,49,49,0,0,0,0,0,0,239.4,3,1491,0.3333
3846089,2625948,8299,1,0,204.9,1,0,0,31,1092,1,1,0,28,24,0,0,0,0,0,0,1527,3,1514,0.7037
5050717,1309510,39768,1,4,245.1,1,1,3,10,1217,3,1,23.72,26,26,1,0,0,0,0,0,1472,6,1497,0.84
5324298,2418601,6493,2,1,390.9,2,1,2,10,1000,3,2,13.14,49,47,1,0,0,0,0,0,451.8,2,1500,0.4167
3061658,560113,22731,0,0,300,0,1,0,8,1000,3,3,0,94,70,0,0,0,0,0,0,64.24,0,1500,0.3011
3644330,2122150,5822,0,0,283.3,0,0,0,21,1122,2,1,15.45,95,93,0,0,0,0,0,0,329.6,3,1518,0.5319
5315,1897642,5315,0,5,339.7,0,0,3,8,1508,3,1,19.93,94,91,0,0,0,0,0,0,1984,3,1516,0.871
137177,2610757,795,0,1,217.5,0,0,1,34,1008,1,1,9.061,29,27,0,0,0,0,0,0,2394,4,1480,0.8214
9283,2669394,9283,0,0,0,0,0,0,60,1000,0,0,0,19,19,0,0,0,0,0,0,67.74,1,1500,0.0556
301600,828485,28840,0,3,11.75,0,0,5,24,1005,0,0,0,20,19,1,2079,0,0,0,0,3386,8,1503,0.5789
4781286,505544,21450,0,4,90.58,1,1,2,22,1000,1,1,0,29,28,1,320.6,0,0,0,0,2076,6,1500,1
787055,1200995,37321,0,0,56.8,0,0,0,57,1000,0,0,0,20,19,0,0,0,0,0,0,197.6,3,1500,0.0526
6182867,539339,22250,0,2,101.7,0,0,0,45,1127,0,0,0,49,49,0,0,0,0,0,0,1872,5,1512,0.8125
214155,2682525,9583,0,0,11.57,0,0,0,50,1006,0,0,0,49,48,0,0,0,0,0,0,1310,4,1509,0.6458
3842993,1812781,5123,0,0,23.22,0,0,0,42,1000,0,0,0,26,24,0,0,0,0,0,0,2365,8,1500,0.68
4990337,1390481,41582,0,0,23.19,0,0,0,72,1000,0,0,0,27,27,0,0,0,0,0,0,165.3,1,1500,0.3077
1981008,192658,14317,0,0,100,0,0,0,38,1023,1,1,8.176,94,88,0,0,0,0,0,0,124.8,4,1489,0.2151
4853290,871871,29849,1,0,277.5,2,1,1,36,1079,1,1,5.401,26,26,0,0,0,0,0,0,284.3,3,1520,0.16
3267192,813940,28500,1,2,3.841,0,0,1,40,1098,0,0,0,27,26,0,7499,0,0,0,0,1408,3,1524,0.6923
6106910,2651329,8879,1,2,29.15,1,0,2,37,1224,1,1,65.47,31,31,0,847.9,0,0,0,0,1259,3,1521,0.5667
2202422,1060073,34105,0,0,0,0,0,0,96,984,0,0,0,29,29,0,0,0,0,0,0,78.55,2,1482,0
3948822,1567634,45630,1,3,209.7,1,0,3,17,1000,1,1,27.31,20,19,0,165.3,0,0,0,0,2388,7,1500,0.9474
2521437,304461,16880,0,0,100,1,0,0,46,1063,1,1,2.589,29,28,0,0,0,0,0,0,86.83,1,1467,0.0357
5234957,1384694,41450,0,1,0,0,0,0,56,1027,0,0,0,93,88,0,0,0,0,0,0,1818,4,1507,0.4891
5640862,840588,29108,0,0,154.1,0,0,0,39,1050,1,1,4.166,97,95,0,0,0,0,0,0,55,3,1514,0.1875
1267553,1466961,43342,0,0,0,0,0,0,84,1000,0,0,0,28,27,0,0,0,0,0,0,247.8,2,1500,0.1111
1944962,1584484,46008,0,0,100,1,1,0,40,1201,1,1,22.65,31,30,0,0,0,0,0,0,98.95,2,1577,0.1333
162404,704381,26023,0,3,67.32,0,0,6,37,967,0,0,0,28,27,1,0,0,0,0,0,3484,2,1491,0.8889
3880308,1471296,43446,0,0,72.88,0,0,0,52,1000,0,0,0,20,20,0,0,0,0.9326,0,0,1078,5,1500,0.3684
5163457,834595,28974,0,0,0,0,0,0,70,1000,0,0,0,94,89,0,0,0,0,0,0,130.7,3,1500,0.3011
1782378,347614,17842,0,2,150.6,1,0,6,24,1038,1,1,24.61,48,47,0,0,0,0,0,0,2223,2,1514,0.8936
2173651,1729274,4933,1,4,38.79,0,0,2,50,1015,0,0,0,46,46,0,1153,0,56.21,0,0,835,3,1508,0.6
2749970,1547006,45150,0,0,0,0,0,0,88,967,0,0,0,48,44,0,0,0,0,0,0,0,0,1428,0
5861144,351281,17924,1,1,337.4,3,1,0,12,1000,3,1,12.39,29,28,1,0,0,0,0,0,1145,4,1500,0.5714
2373266,785106,2784,0,4,4.131,0,0,4,50,1000,0,0,0,28,28,0,463.5,0,4.362,0,0,5285,9,1500,0.7407
2872661,1060196,34109,0,0,0,0,0,0,85,992,0,0,0,49,48,0,0,0,0,0,0,112.4,1,1503,0.1458
3677310,1305608,39672,0,0,157.8,1,0,0,51,1018,0,0,0,29,28,0,0,0,0,0,0,2777,7,1505,0.75
